SLIM*ABS,f3ad8fd5-365f-11f0-89a1-d88083763c00,SLIM-GSGP_sustavianfeed,52,0,21.729856491088867,0.0073599815368652,150.0,22.604793548583984,3,2060669.5,791189.25,2,"{'max_depth': 10, 'tournament_size': 2, 'prob_const': 0.7, 'slim_version': 'SLIM*ABS'}"
SLIM*ABS,f3ad8fd5-365f-11f0-89a1-d88083763c00,SLIM-GSGP_sustavianfeed,52,1,21.729856491088867,0.005936861038208,240.0,22.604793548583984,3,2461.90673828125,495.009,2,"{'max_depth': 10, 'tournament_size': 2, 'prob_const': 0.7, 'slim_version': 'SLIM*ABS'}"
SLIM*ABS,f3ad8fd5-365f-11f0-89a1-d88083763c00,SLIM-GSGP_sustavianfeed,52,2,21.70008087158203,0.0081875324249267,270.0,22.577919006347656,18,229.2718811035156,26.483763,2,"{'max_depth': 10, 'tournament_size': 2, 'prob_const': 0.7, 'slim_version': 'SLIM*ABS'}"
SLIM*ABS,f3ad8fd5-365f-11f0-89a1-d88083763c00,SLIM-GSGP_sustavianfeed,52,3,14.51967716217041,0.0117876529693603,480.0,16.486907958984375,18,346.9317321777344,31.914484,2,"{'max_depth': 10, 'tournament_size': 2, 'prob_const': 0.7, 'slim_version': 'SLIM*ABS'}"
SLIM*ABS,f3ad8fd5-365f-11f0-89a1-d88083763c00,SLIM-GSGP_sustavianfeed,52,4,14.508431434631348,0.0087316036224365,555.0,16.44625473022461,18,320.6820373535156,29.366543,2,"{'max_depth': 10, 'tournament_size': 2, 'prob_const': 0.7, 'slim_version': 'SLIM*ABS'}"
SLIM*ABS,f3ad8fd5-365f-11f0-89a1-d88083763c00,SLIM-GSGP_sustavianfeed,52,5,14.508431434631348,0.0087876319885253,570.0,16.44625473022461,18,177.9085693359375,18.789896,2,"{'max_depth': 10, 'tournament_size': 2, 'prob_const': 0.7, 'slim_version': 'SLIM*ABS'}"
SLIM*ABS,f3ad8fd5-365f-11f0-89a1-d88083763c00,SLIM-GSGP_sustavianfeed,52,6,14.508431434631348,0.0075194835662841,510.0,16.44625473022461,18,96.6734619140625,9.665729,2,"{'max_depth': 10, 'tournament_size': 2, 'prob_const': 0.7, 'slim_version': 'SLIM*ABS'}"
SLIM*ABS,f3ad8fd5-365f-11f0-89a1-d88083763c00,SLIM-GSGP_sustavianfeed,52,7,14.508431434631348,0.0102875232696533,570.0,16.44625473022461,18,82.3514175415039,3.9506948,2,"{'max_depth': 10, 'tournament_size': 2, 'prob_const': 0.7, 'slim_version': 'SLIM*ABS'}"
SLIM*ABS,f3ad8fd5-365f-11f0-89a1-d88083763c00,SLIM-GSGP_sustavianfeed,52,8,14.508431434631348,0.0112977027893066,540.0,16.44625473022461,18,93.68826293945312,5.597488,2,"{'max_depth': 10, 'tournament_size': 2, 'prob_const': 0.7, 'slim_version': 'SLIM*ABS'}"
SLIM*ABS,f3ad8fd5-365f-11f0-89a1-d88083763c00,SLIM-GSGP_sustavianfeed,52,9,14.508431434631348,0.0098447799682617,675.0,16.44625473022461,18,120.0891342163086,6.6024847,2,"{'max_depth': 10, 'tournament_size': 2, 'prob_const': 0.7, 'slim_version': 'SLIM*ABS'}"
SLIM*ABS,f3ad8fd5-365f-11f0-89a1-d88083763c00,SLIM-GSGP_sustavianfeed,52,10,14.508431434631348,0.005918264389038,420.0,16.44625473022461,18,66.28898620605469,3.646002,2,"{'max_depth': 10, 'tournament_size': 2, 'prob_const': 0.7, 'slim_version': 'SLIM*ABS'}"
SLIM*ABS,f3ad8fd5-365f-11f0-89a1-d88083763c00,SLIM-GSGP_sustavianfeed,52,11,14.508431434631348,0.0067510604858398,495.0,16.44625473022461,18,71.72382354736328,2.2679682,2,"{'max_depth': 10, 'tournament_size': 2, 'prob_const': 0.7, 'slim_version': 'SLIM*ABS'}"
SLIM*ABS,f3ad8fd5-365f-11f0-89a1-d88083763c00,SLIM-GSGP_sustavianfeed,52,12,14.49853801727295,0.0096089839935302,435.0,16.448747634887695,18,60.89411926269531,2.7973254,2,"{'max_depth': 10, 'tournament_size': 2, 'prob_const': 0.7, 'slim_version': 'SLIM*ABS'}"
SLIM*ABS,f3ad8fd5-365f-11f0-89a1-d88083763c00,SLIM-GSGP_sustavianfeed,52,13,14.49853801727295,0.0110206604003906,495.0,16.448747634887695,18,94.2340850830078,6.1745405,2,"{'max_depth': 10, 'tournament_size': 2, 'prob_const': 0.7, 'slim_version': 'SLIM*ABS'}"
SLIM*ABS,f3ad8fd5-365f-11f0-89a1-d88083763c00,SLIM-GSGP_sustavianfeed,52,14,14.49853801727295,0.0081422328948974,690.0,16.448747634887695,18,115.79750061035156,5.337908,2,"{'max_depth': 10, 'tournament_size': 2, 'prob_const': 0.7, 'slim_version': 'SLIM*ABS'}"
SLIM*ABS,f3ad8fd5-365f-11f0-89a1-d88083763c00,SLIM-GSGP_sustavianfeed,52,15,14.49853801727295,0.0098145008087158,510.0,16.448747634887695,18,79.44031524658203,4.7205915,2,"{'max_depth': 10, 'tournament_size': 2, 'prob_const': 0.7, 'slim_version': 'SLIM*ABS'}"
SLIM*ABS,f3ad8fd5-365f-11f0-89a1-d88083763c00,SLIM-GSGP_sustavianfeed,52,16,14.49853801727295,0.0074422359466552,390.0,16.448747634887695,18,58.48268127441406,3.4660728,2,"{'max_depth': 10, 'tournament_size': 2, 'prob_const': 0.7, 'slim_version': 'SLIM*ABS'}"
SLIM*ABS,f3ad8fd5-365f-11f0-89a1-d88083763c00,SLIM-GSGP_sustavianfeed,52,17,14.49853801727295,0.0088510513305664,435.0,16.448747634887695,18,96.38124084472656,5.5876527,2,"{'max_depth': 10, 'tournament_size': 2, 'prob_const': 0.7, 'slim_version': 'SLIM*ABS'}"
SLIM*ABS,f3ad8fd5-365f-11f0-89a1-d88083763c00,SLIM-GSGP_sustavianfeed,52,18,14.49853801727295,0.0103044509887695,645.0,16.448747634887695,18,133.8976287841797,7.7171807,2,"{'max_depth': 10, 'tournament_size': 2, 'prob_const': 0.7, 'slim_version': 'SLIM*ABS'}"
SLIM*ABS,f3ad8fd5-365f-11f0-89a1-d88083763c00,SLIM-GSGP_sustavianfeed,52,19,14.49853801727295,0.0078001022338867,555.0,16.448747634887695,18,87.5282974243164,5.949129,2,"{'max_depth': 10, 'tournament_size': 2, 'prob_const': 0.7, 'slim_version': 'SLIM*ABS'}"
SLIM*ABS,f3ad8fd5-365f-11f0-89a1-d88083763c00,SLIM-GSGP_sustavianfeed,52,20,14.49853801727295,0.0089902877807617,495.0,16.448747634887695,18,73.34818267822266,4.491515,2,"{'max_depth': 10, 'tournament_size': 2, 'prob_const': 0.7, 'slim_version': 'SLIM*ABS'}"
SLIM*ABS,f3ad8fd5-365f-11f0-89a1-d88083763c00,SLIM-GSGP_sustavianfeed,52,21,14.485238075256348,0.0074257850646972,525.0,16.435649871826172,18,59.41956329345703,2.9390028,2,"{'max_depth': 10, 'tournament_size': 2, 'prob_const': 0.7, 'slim_version': 'SLIM*ABS'}"
SLIM*ABS,f3ad8fd5-365f-11f0-89a1-d88083763c00,SLIM-GSGP_sustavianfeed,52,22,14.485238075256348,0.008136510848999,555.0,16.435649871826172,18,72.56913757324219,4.0251446,2,"{'max_depth': 10, 'tournament_size': 2, 'prob_const': 0.7, 'slim_version': 'SLIM*ABS'}"
SLIM*ABS,f3ad8fd5-365f-11f0-89a1-d88083763c00,SLIM-GSGP_sustavianfeed,52,23,14.485238075256348,0.0077960491180419,375.0,16.435649871826172,18,55.51597595214844,3.6759644,2,"{'max_depth': 10, 'tournament_size': 2, 'prob_const': 0.7, 'slim_version': 'SLIM*ABS'}"
SLIM*ABS,f3ad8fd5-365f-11f0-89a1-d88083763c00,SLIM-GSGP_sustavianfeed,52,24,14.485238075256348,0.009775161743164,450.0,16.435649871826172,18,62.98804473876953,3.0120056,2,"{'max_depth': 10, 'tournament_size': 2, 'prob_const': 0.7, 'slim_version': 'SLIM*ABS'}"
SLIM*ABS,f3ad8fd5-365f-11f0-89a1-d88083763c00,SLIM-GSGP_sustavianfeed,52,25,14.485238075256348,0.0083343982696533,465.0,16.435649871826172,18,87.11526489257812,3.7565756,2,"{'max_depth': 10, 'tournament_size': 2, 'prob_const': 0.7, 'slim_version': 'SLIM*ABS'}"
SLIM*ABS,f3ad8fd5-365f-11f0-89a1-d88083763c00,SLIM-GSGP_sustavianfeed,52,26,14.485238075256348,0.0057995319366455,300.0,16.435649871826172,18,44.42067337036133,2.5797524,2,"{'max_depth': 10, 'tournament_size': 2, 'prob_const': 0.7, 'slim_version': 'SLIM*ABS'}"
SLIM*ABS,f3ad8fd5-365f-11f0-89a1-d88083763c00,SLIM-GSGP_sustavianfeed,52,27,14.485238075256348,0.0068702697753906,345.0,16.435649871826172,18,61.662574768066406,3.188202,2,"{'max_depth': 10, 'tournament_size': 2, 'prob_const': 0.7, 'slim_version': 'SLIM*ABS'}"
SLIM*ABS,f3ad8fd5-365f-11f0-89a1-d88083763c00,SLIM-GSGP_sustavianfeed,52,28,14.485238075256348,0.0077385902404785,435.0,16.435649871826172,18,66.6144027709961,3.0278869,2,"{'max_depth': 10, 'tournament_size': 2, 'prob_const': 0.7, 'slim_version': 'SLIM*ABS'}"
SLIM*ABS,f3ad8fd5-365f-11f0-89a1-d88083763c00,SLIM-GSGP_sustavianfeed,52,29,14.43312644958496,0.0078856945037841,555.0,16.371307373046875,48,105.45782470703124,7.365633,2,"{'max_depth': 10, 'tournament_size': 2, 'prob_const': 0.7, 'slim_version': 'SLIM*ABS'}"
SLIM*ABS,f3ad8fd5-365f-11f0-89a1-d88083763c00,SLIM-GSGP_sustavianfeed,52,30,14.43312644958496,0.0069105625152587,450.0,16.371307373046875,48,56.32587432861328,2.7755268,2,"{'max_depth': 10, 'tournament_size': 2, 'prob_const': 0.7, 'slim_version': 'SLIM*ABS'}"
SLIM*ABS,f3ad8fd5-365f-11f0-89a1-d88083763c00,SLIM-GSGP_sustavianfeed,52,31,14.43312644958496,0.0072081089019775,540.0,16.371307373046875,48,80.99742889404297,3.3404844,2,"{'max_depth': 10, 'tournament_size': 2, 'prob_const': 0.7, 'slim_version': 'SLIM*ABS'}"
SLIM*ABS,f3ad8fd5-365f-11f0-89a1-d88083763c00,SLIM-GSGP_sustavianfeed,52,32,14.43312644958496,0.0112712383270263,765.0,16.371307373046875,48,126.59608459472656,6.324965,2,"{'max_depth': 10, 'tournament_size': 2, 'prob_const': 0.7, 'slim_version': 'SLIM*ABS'}"
SLIM*ABS,f3ad8fd5-365f-11f0-89a1-d88083763c00,SLIM-GSGP_sustavianfeed,52,33,14.419374465942385,0.0120296478271484,705.0,16.349700927734375,48,69.9342041015625,2.7733376,2,"{'max_depth': 10, 'tournament_size': 2, 'prob_const': 0.7, 'slim_version': 'SLIM*ABS'}"
SLIM*ABS,f3ad8fd5-365f-11f0-89a1-d88083763c00,SLIM-GSGP_sustavianfeed,52,34,14.419374465942385,0.0086956024169921,660.0,16.349700927734375,48,76.46194458007812,3.52522,2,"{'max_depth': 10, 'tournament_size': 2, 'prob_const': 0.7, 'slim_version': 'SLIM*ABS'}"
SLIM*ABS,f3ad8fd5-365f-11f0-89a1-d88083763c00,SLIM-GSGP_sustavianfeed,52,35,14.419374465942385,0.0108671188354492,825.0,16.349700927734375,48,116.74156188964844,4.783102,2,"{'max_depth': 10, 'tournament_size': 2, 'prob_const': 0.7, 'slim_version': 'SLIM*ABS'}"
SLIM*ABS,f3ad8fd5-365f-11f0-89a1-d88083763c00,SLIM-GSGP_sustavianfeed,52,36,14.419374465942385,0.0092170238494873,795.0,16.349700927734375,48,75.47036743164062,3.4181101,2,"{'max_depth': 10, 'tournament_size': 2, 'prob_const': 0.7, 'slim_version': 'SLIM*ABS'}"
SLIM*ABS,f3ad8fd5-365f-11f0-89a1-d88083763c00,SLIM-GSGP_sustavianfeed,52,37,14.419374465942385,0.0079512596130371,900.0,16.349700927734375,48,89.4183349609375,4.1133003,2,"{'max_depth': 10, 'tournament_size': 2, 'prob_const': 0.7, 'slim_version': 'SLIM*ABS'}"
SLIM*ABS,f3ad8fd5-365f-11f0-89a1-d88083763c00,SLIM-GSGP_sustavianfeed,52,38,14.419374465942385,0.0083372592926025,885.0,16.349700927734375,48,98.1677474975586,4.1135683,2,"{'max_depth': 10, 'tournament_size': 2, 'prob_const': 0.7, 'slim_version': 'SLIM*ABS'}"
SLIM*ABS,f3ad8fd5-365f-11f0-89a1-d88083763c00,SLIM-GSGP_sustavianfeed,52,39,14.419374465942385,0.0082080364227294,645.0,16.349700927734375,48,83.23538970947266,5.6590476,2,"{'max_depth': 10, 'tournament_size': 2, 'prob_const': 0.7, 'slim_version': 'SLIM*ABS'}"
SLIM*ABS,f3ad8fd5-365f-11f0-89a1-d88083763c00,SLIM-GSGP_sustavianfeed,52,40,14.419374465942385,0.0090041160583496,765.0,16.349700927734375,48,75.6997299194336,3.6345832,2,"{'max_depth': 10, 'tournament_size': 2, 'prob_const': 0.7, 'slim_version': 'SLIM*ABS'}"
SLIM*ABS,f3ad8fd5-365f-11f0-89a1-d88083763c00,SLIM-GSGP_sustavianfeed,52,41,14.419374465942385,0.0093371868133544,810.0,16.349700927734375,48,101.28085327148438,4.736779,2,"{'max_depth': 10, 'tournament_size': 2, 'prob_const': 0.7, 'slim_version': 'SLIM*ABS'}"
SLIM*ABS,f3ad8fd5-365f-11f0-89a1-d88083763c00,SLIM-GSGP_sustavianfeed,52,42,14.419374465942385,0.0088801383972167,735.0,16.349700927734375,48,68.70692443847656,2.8621478,2,"{'max_depth': 10, 'tournament_size': 2, 'prob_const': 0.7, 'slim_version': 'SLIM*ABS'}"
SLIM*ABS,f3ad8fd5-365f-11f0-89a1-d88083763c00,SLIM-GSGP_sustavianfeed,52,43,14.419374465942385,0.0083863735198974,690.0,16.349700927734375,48,72.60137176513672,2.5651088,2,"{'max_depth': 10, 'tournament_size': 2, 'prob_const': 0.7, 'slim_version': 'SLIM*ABS'}"
SLIM*ABS,f3ad8fd5-365f-11f0-89a1-d88083763c00,SLIM-GSGP_sustavianfeed,52,44,14.419374465942385,0.0066862106323242,735.0,16.349700927734375,48,97.2863540649414,5.439338,2,"{'max_depth': 10, 'tournament_size': 2, 'prob_const': 0.7, 'slim_version': 'SLIM*ABS'}"
SLIM*ABS,f3ad8fd5-365f-11f0-89a1-d88083763c00,SLIM-GSGP_sustavianfeed,52,45,14.419374465942385,0.0086557865142822,720.0,16.349700927734375,48,103.30684661865234,4.399603,2,"{'max_depth': 10, 'tournament_size': 2, 'prob_const': 0.7, 'slim_version': 'SLIM*ABS'}"
SLIM*ABS,f3ad8fd5-365f-11f0-89a1-d88083763c00,SLIM-GSGP_sustavianfeed,52,46,14.419374465942385,0.0075774192810058,810.0,16.349700927734375,48,106.8907470703125,4.4287453,2,"{'max_depth': 10, 'tournament_size': 2, 'prob_const': 0.7, 'slim_version': 'SLIM*ABS'}"
SLIM*ABS,f3ad8fd5-365f-11f0-89a1-d88083763c00,SLIM-GSGP_sustavianfeed,52,47,14.419374465942385,0.009979248046875,975.0,16.349700927734375,48,117.21759033203124,4.1315513,2,"{'max_depth': 10, 'tournament_size': 2, 'prob_const': 0.7, 'slim_version': 'SLIM*ABS'}"
SLIM*ABS,f3ad8fd5-365f-11f0-89a1-d88083763c00,SLIM-GSGP_sustavianfeed,52,48,14.419374465942385,0.0074222087860107,885.0,16.349700927734375,48,115.3353500366211,4.973292,2,"{'max_depth': 10, 'tournament_size': 2, 'prob_const': 0.7, 'slim_version': 'SLIM*ABS'}"
SLIM*ABS,f3ad8fd5-365f-11f0-89a1-d88083763c00,SLIM-GSGP_sustavianfeed,52,49,14.419374465942385,0.0095722675323486,780.0,16.349700927734375,48,99.85372161865234,4.0250335,2,"{'max_depth': 10, 'tournament_size': 2, 'prob_const': 0.7, 'slim_version': 'SLIM*ABS'}"
SLIM*ABS,f3ad8fd5-365f-11f0-89a1-d88083763c00,SLIM-GSGP_sustavianfeed,52,50,14.419374465942385,0.0103151798248291,810.0,16.349700927734375,48,91.90616607666016,4.2018986,2,"{'max_depth': 10, 'tournament_size': 2, 'prob_const': 0.7, 'slim_version': 'SLIM*ABS'}"
SLIM*ABS,f3ad8fd5-365f-11f0-89a1-d88083763c00,SLIM-GSGP_sustavianfeed,52,51,14.419374465942385,0.0089688301086425,930.0,16.349700927734375,48,96.6148681640625,4.9343567,2,"{'max_depth': 10, 'tournament_size': 2, 'prob_const': 0.7, 'slim_version': 'SLIM*ABS'}"
SLIM*ABS,f3ad8fd5-365f-11f0-89a1-d88083763c00,SLIM-GSGP_sustavianfeed,52,52,14.419374465942385,0.0079681873321533,810.0,16.349700927734375,48,133.51351928710938,7.183905,2,"{'max_depth': 10, 'tournament_size': 2, 'prob_const': 0.7, 'slim_version': 'SLIM*ABS'}"
SLIM*ABS,f3ad8fd5-365f-11f0-89a1-d88083763c00,SLIM-GSGP_sustavianfeed,52,53,14.419374465942385,0.0095686912536621,870.0,16.349700927734375,48,114.09371185302734,4.8589416,2,"{'max_depth': 10, 'tournament_size': 2, 'prob_const': 0.7, 'slim_version': 'SLIM*ABS'}"
SLIM*ABS,f3ad8fd5-365f-11f0-89a1-d88083763c00,SLIM-GSGP_sustavianfeed,52,54,14.419374465942385,0.0099382400512695,645.0,16.349700927734375,48,92.99154663085938,3.892982,2,"{'max_depth': 10, 'tournament_size': 2, 'prob_const': 0.7, 'slim_version': 'SLIM*ABS'}"
SLIM*ABS,f3ad8fd5-365f-11f0-89a1-d88083763c00,SLIM-GSGP_sustavianfeed,52,55,14.419374465942385,0.0081615447998046,750.0,16.349700927734375,48,93.72699737548828,3.8749337,2,"{'max_depth': 10, 'tournament_size': 2, 'prob_const': 0.7, 'slim_version': 'SLIM*ABS'}"
SLIM*ABS,f3ad8fd5-365f-11f0-89a1-d88083763c00,SLIM-GSGP_sustavianfeed,52,56,14.419374465942385,0.0084381103515625,885.0,16.349700927734375,48,71.0747299194336,3.6900082,2,"{'max_depth': 10, 'tournament_size': 2, 'prob_const': 0.7, 'slim_version': 'SLIM*ABS'}"
SLIM*ABS,f3ad8fd5-365f-11f0-89a1-d88083763c00,SLIM-GSGP_sustavianfeed,52,57,14.419374465942385,0.0073187351226806,975.0,16.349700927734375,48,86.9070816040039,4.1179843,2,"{'max_depth': 10, 'tournament_size': 2, 'prob_const': 0.7, 'slim_version': 'SLIM*ABS'}"
SLIM*ABS,f3ad8fd5-365f-11f0-89a1-d88083763c00,SLIM-GSGP_sustavianfeed,52,58,14.419374465942385,0.0074810981750488,930.0,16.349700927734375,48,84.60099029541016,3.7745686,2,"{'max_depth': 10, 'tournament_size': 2, 'prob_const': 0.7, 'slim_version': 'SLIM*ABS'}"
SLIM*ABS,f3ad8fd5-365f-11f0-89a1-d88083763c00,SLIM-GSGP_sustavianfeed,52,59,14.419374465942385,0.0105628967285156,855.0,16.349700927734375,48,96.7846221923828,4.283642,2,"{'max_depth': 10, 'tournament_size': 2, 'prob_const': 0.7, 'slim_version': 'SLIM*ABS'}"
SLIM*ABS,f3ad8fd5-365f-11f0-89a1-d88083763c00,SLIM-GSGP_sustavianfeed,52,60,14.419374465942385,0.009296178817749,735.0,16.349700927734375,48,103.51895141601562,4.8565626,2,"{'max_depth': 10, 'tournament_size': 2, 'prob_const': 0.7, 'slim_version': 'SLIM*ABS'}"
SLIM*ABS,f3ad8fd5-365f-11f0-89a1-d88083763c00,SLIM-GSGP_sustavianfeed,52,61,14.419374465942385,0.0098285675048828,795.0,16.349700927734375,48,74.61238861083984,3.3575842,2,"{'max_depth': 10, 'tournament_size': 2, 'prob_const': 0.7, 'slim_version': 'SLIM*ABS'}"
SLIM*ABS,f3ad8fd5-365f-11f0-89a1-d88083763c00,SLIM-GSGP_sustavianfeed,52,62,14.419374465942385,0.01019287109375,870.0,16.349700927734375,48,95.47499084472656,4.6553426,2,"{'max_depth': 10, 'tournament_size': 2, 'prob_const': 0.7, 'slim_version': 'SLIM*ABS'}"
SLIM*ABS,f3ad8fd5-365f-11f0-89a1-d88083763c00,SLIM-GSGP_sustavianfeed,52,63,14.419374465942385,0.0085861682891845,720.0,16.349700927734375,48,95.3314208984375,4.4761963,2,"{'max_depth': 10, 'tournament_size': 2, 'prob_const': 0.7, 'slim_version': 'SLIM*ABS'}"
SLIM*ABS,f3ad8fd5-365f-11f0-89a1-d88083763c00,SLIM-GSGP_sustavianfeed,52,64,14.419374465942385,0.0077912807464599,660.0,16.349700927734375,48,83.90380859375,4.6445136,2,"{'max_depth': 10, 'tournament_size': 2, 'prob_const': 0.7, 'slim_version': 'SLIM*ABS'}"
SLIM*ABS,f3ad8fd5-365f-11f0-89a1-d88083763c00,SLIM-GSGP_sustavianfeed,52,65,14.419374465942385,0.00771164894104,570.0,16.349700927734375,48,63.58723831176758,3.1432445,2,"{'max_depth': 10, 'tournament_size': 2, 'prob_const': 0.7, 'slim_version': 'SLIM*ABS'}"
SLIM*ABS,f3ad8fd5-365f-11f0-89a1-d88083763c00,SLIM-GSGP_sustavianfeed,52,66,14.419374465942385,0.0071282386779785,690.0,16.349700927734375,48,94.7173309326172,4.5473967,2,"{'max_depth': 10, 'tournament_size': 2, 'prob_const': 0.7, 'slim_version': 'SLIM*ABS'}"
SLIM*ABS,f3ad8fd5-365f-11f0-89a1-d88083763c00,SLIM-GSGP_sustavianfeed,52,67,14.419374465942385,0.0081241130828857,795.0,16.349700927734375,48,115.10974884033205,3.8580437,2,"{'max_depth': 10, 'tournament_size': 2, 'prob_const': 0.7, 'slim_version': 'SLIM*ABS'}"
SLIM*ABS,f3ad8fd5-365f-11f0-89a1-d88083763c00,SLIM-GSGP_sustavianfeed,52,68,14.419374465942385,0.0094847679138183,930.0,16.349700927734375,48,139.38658142089844,7.905531,2,"{'max_depth': 10, 'tournament_size': 2, 'prob_const': 0.7, 'slim_version': 'SLIM*ABS'}"
SLIM*ABS,f3ad8fd5-365f-11f0-89a1-d88083763c00,SLIM-GSGP_sustavianfeed,52,69,14.419374465942385,0.0081956386566162,735.0,16.349700927734375,48,74.4455337524414,3.3659554,2,"{'max_depth': 10, 'tournament_size': 2, 'prob_const': 0.7, 'slim_version': 'SLIM*ABS'}"
SLIM*ABS,f3ad8fd5-365f-11f0-89a1-d88083763c00,SLIM-GSGP_sustavianfeed,52,70,14.419374465942385,0.0096094608306884,885.0,16.349700927734375,48,105.73347473144533,6.294513,2,"{'max_depth': 10, 'tournament_size': 2, 'prob_const': 0.7, 'slim_version': 'SLIM*ABS'}"
SLIM*ABS,f3ad8fd5-365f-11f0-89a1-d88083763c00,SLIM-GSGP_sustavianfeed,52,71,14.419374465942385,0.007413625717163,840.0,16.349700927734375,48,93.71792602539062,3.6355088,2,"{'max_depth': 10, 'tournament_size': 2, 'prob_const': 0.7, 'slim_version': 'SLIM*ABS'}"
SLIM*ABS,f3ad8fd5-365f-11f0-89a1-d88083763c00,SLIM-GSGP_sustavianfeed,52,72,14.419374465942385,0.0103380680084228,960.0,16.349700927734375,48,128.3227996826172,5.5111537,2,"{'max_depth': 10, 'tournament_size': 2, 'prob_const': 0.7, 'slim_version': 'SLIM*ABS'}"
SLIM*ABS,f3ad8fd5-365f-11f0-89a1-d88083763c00,SLIM-GSGP_sustavianfeed,52,73,14.419374465942385,0.0090410709381103,870.0,16.349700927734375,48,97.41842651367188,5.3878784,2,"{'max_depth': 10, 'tournament_size': 2, 'prob_const': 0.7, 'slim_version': 'SLIM*ABS'}"
SLIM*ABS,f3ad8fd5-365f-11f0-89a1-d88083763c00,SLIM-GSGP_sustavianfeed,52,74,14.419374465942385,0.0107240676879882,900.0,16.349700927734375,48,126.05194091796876,5.9122458,2,"{'max_depth': 10, 'tournament_size': 2, 'prob_const': 0.7, 'slim_version': 'SLIM*ABS'}"
SLIM*ABS,f3ad8fd5-365f-11f0-89a1-d88083763c00,SLIM-GSGP_sustavianfeed,52,75,14.419374465942385,0.0075364112854003,795.0,16.349700927734375,48,101.67330932617188,4.9612284,2,"{'max_depth': 10, 'tournament_size': 2, 'prob_const': 0.7, 'slim_version': 'SLIM*ABS'}"
SLIM*ABS,f3ad8fd5-365f-11f0-89a1-d88083763c00,SLIM-GSGP_sustavianfeed,52,76,14.419374465942385,0.0086698532104492,885.0,16.349700927734375,48,103.99725341796876,5.624816,2,"{'max_depth': 10, 'tournament_size': 2, 'prob_const': 0.7, 'slim_version': 'SLIM*ABS'}"
SLIM*ABS,f3ad8fd5-365f-11f0-89a1-d88083763c00,SLIM-GSGP_sustavianfeed,52,77,14.419374465942385,0.007253885269165,930.0,16.349700927734375,48,97.99925994873048,4.291187,2,"{'max_depth': 10, 'tournament_size': 2, 'prob_const': 0.7, 'slim_version': 'SLIM*ABS'}"
SLIM*ABS,f3ad8fd5-365f-11f0-89a1-d88083763c00,SLIM-GSGP_sustavianfeed,52,78,14.419374465942385,0.0075516700744628,945.0,16.349700927734375,48,93.53587341308594,4.282042,2,"{'max_depth': 10, 'tournament_size': 2, 'prob_const': 0.7, 'slim_version': 'SLIM*ABS'}"
SLIM*ABS,f3ad8fd5-365f-11f0-89a1-d88083763c00,SLIM-GSGP_sustavianfeed,52,79,14.419374465942385,0.0082902908325195,945.0,16.349700927734375,48,96.05677795410156,5.4013786,2,"{'max_depth': 10, 'tournament_size': 2, 'prob_const': 0.7, 'slim_version': 'SLIM*ABS'}"
SLIM*ABS,f3ad8fd5-365f-11f0-89a1-d88083763c00,SLIM-GSGP_sustavianfeed,52,80,14.419374465942385,0.0078365802764892,915.0,16.349700927734375,48,92.66090393066406,4.055637,2,"{'max_depth': 10, 'tournament_size': 2, 'prob_const': 0.7, 'slim_version': 'SLIM*ABS'}"
SLIM*ABS,f3ad8fd5-365f-11f0-89a1-d88083763c00,SLIM-GSGP_sustavianfeed,52,81,14.419374465942385,0.007308006286621,1125.0,16.349700927734375,48,86.35320281982422,3.905582,2,"{'max_depth': 10, 'tournament_size': 2, 'prob_const': 0.7, 'slim_version': 'SLIM*ABS'}"
SLIM*ABS,f3ad8fd5-365f-11f0-89a1-d88083763c00,SLIM-GSGP_sustavianfeed,52,82,14.419374465942385,0.0062096118927001,855.0,16.349700927734375,48,93.80123901367188,4.8599644,2,"{'max_depth': 10, 'tournament_size': 2, 'prob_const': 0.7, 'slim_version': 'SLIM*ABS'}"
SLIM*ABS,f3ad8fd5-365f-11f0-89a1-d88083763c00,SLIM-GSGP_sustavianfeed,52,83,14.419374465942385,0.0089046955108642,945.0,16.349700927734375,48,111.78607177734376,6.157126,2,"{'max_depth': 10, 'tournament_size': 2, 'prob_const': 0.7, 'slim_version': 'SLIM*ABS'}"
SLIM*ABS,f3ad8fd5-365f-11f0-89a1-d88083763c00,SLIM-GSGP_sustavianfeed,52,84,14.419374465942385,0.0086536407470703,1035.0,16.349700927734375,48,99.22959899902344,3.5315487,2,"{'max_depth': 10, 'tournament_size': 2, 'prob_const': 0.7, 'slim_version': 'SLIM*ABS'}"
SLIM*ABS,f3ad8fd5-365f-11f0-89a1-d88083763c00,SLIM-GSGP_sustavianfeed,52,85,14.419374465942385,0.0090584754943847,975.0,16.349700927734375,48,93.46119689941406,3.5252347,2,"{'max_depth': 10, 'tournament_size': 2, 'prob_const': 0.7, 'slim_version': 'SLIM*ABS'}"
SLIM*ABS,f3ad8fd5-365f-11f0-89a1-d88083763c00,SLIM-GSGP_sustavianfeed,52,86,14.419374465942385,0.0096547603607177,1005.0,16.349700927734375,48,105.66607666015624,5.4443984,2,"{'max_depth': 10, 'tournament_size': 2, 'prob_const': 0.7, 'slim_version': 'SLIM*ABS'}"
SLIM*ABS,f3ad8fd5-365f-11f0-89a1-d88083763c00,SLIM-GSGP_sustavianfeed,52,87,14.419374465942385,0.0084080696105957,1260.0,16.349700927734375,48,121.37018585205078,5.5901213,2,"{'max_depth': 10, 'tournament_size': 2, 'prob_const': 0.7, 'slim_version': 'SLIM*ABS'}"
SLIM*ABS,f3ad8fd5-365f-11f0-89a1-d88083763c00,SLIM-GSGP_sustavianfeed,52,88,14.419374465942385,0.0095138549804687,1065.0,16.349700927734375,48,121.5179214477539,5.0077,2,"{'max_depth': 10, 'tournament_size': 2, 'prob_const': 0.7, 'slim_version': 'SLIM*ABS'}"
SLIM*ABS,f3ad8fd5-365f-11f0-89a1-d88083763c00,SLIM-GSGP_sustavianfeed,52,89,14.419374465942385,0.0076377391815185,930.0,16.349700927734375,48,85.581298828125,4.0010595,2,"{'max_depth': 10, 'tournament_size': 2, 'prob_const': 0.7, 'slim_version': 'SLIM*ABS'}"
SLIM*ABS,f3ad8fd5-365f-11f0-89a1-d88083763c00,SLIM-GSGP_sustavianfeed,52,90,14.419374465942385,0.0066723823547363,870.0,16.349700927734375,48,107.9835968017578,4.4760895,2,"{'max_depth': 10, 'tournament_size': 2, 'prob_const': 0.7, 'slim_version': 'SLIM*ABS'}"
SLIM*ABS,f3ad8fd5-365f-11f0-89a1-d88083763c00,SLIM-GSGP_sustavianfeed,52,91,14.419374465942385,0.0069680213928222,675.0,16.349700927734375,48,70.498046875,3.3287663,2,"{'max_depth': 10, 'tournament_size': 2, 'prob_const': 0.7, 'slim_version': 'SLIM*ABS'}"
SLIM*ABS,f3ad8fd5-365f-11f0-89a1-d88083763c00,SLIM-GSGP_sustavianfeed,52,92,14.419374465942385,0.0067358016967773,630.0,16.349700927734375,48,68.73954010009766,3.0066688,2,"{'max_depth': 10, 'tournament_size': 2, 'prob_const': 0.7, 'slim_version': 'SLIM*ABS'}"
SLIM*ABS,f3ad8fd5-365f-11f0-89a1-d88083763c00,SLIM-GSGP_sustavianfeed,52,93,14.419374465942385,0.0078177452087402,645.0,16.349700927734375,48,79.02992248535156,3.7129548,2,"{'max_depth': 10, 'tournament_size': 2, 'prob_const': 0.7, 'slim_version': 'SLIM*ABS'}"
SLIM*ABS,f3ad8fd5-365f-11f0-89a1-d88083763c00,SLIM-GSGP_sustavianfeed,52,94,14.419374465942385,0.0105047225952148,780.0,16.349700927734375,48,100.16127014160156,4.588798,2,"{'max_depth': 10, 'tournament_size': 2, 'prob_const': 0.7, 'slim_version': 'SLIM*ABS'}"
SLIM*ABS,f3ad8fd5-365f-11f0-89a1-d88083763c00,SLIM-GSGP_sustavianfeed,52,95,14.419374465942385,0.0087473392486572,750.0,16.349700927734375,48,82.83412170410156,3.4189017,2,"{'max_depth': 10, 'tournament_size': 2, 'prob_const': 0.7, 'slim_version': 'SLIM*ABS'}"
SLIM*ABS,f3ad8fd5-365f-11f0-89a1-d88083763c00,SLIM-GSGP_sustavianfeed,52,96,14.419374465942385,0.0100631713867187,645.0,16.349700927734375,48,71.17440032958984,2.9803786,2,"{'max_depth': 10, 'tournament_size': 2, 'prob_const': 0.7, 'slim_version': 'SLIM*ABS'}"
SLIM*ABS,f3ad8fd5-365f-11f0-89a1-d88083763c00,SLIM-GSGP_sustavianfeed,52,97,14.419374465942385,0.0080704689025878,765.0,16.349700927734375,48,67.99739074707031,3.753438,2,"{'max_depth': 10, 'tournament_size': 2, 'prob_const': 0.7, 'slim_version': 'SLIM*ABS'}"
SLIM*ABS,f3ad8fd5-365f-11f0-89a1-d88083763c00,SLIM-GSGP_sustavianfeed,52,98,14.419374465942385,0.0071692466735839,765.0,16.349700927734375,48,107.06377410888672,5.2839828,2,"{'max_depth': 10, 'tournament_size': 2, 'prob_const': 0.7, 'slim_version': 'SLIM*ABS'}"
SLIM*ABS,f3ad8fd5-365f-11f0-89a1-d88083763c00,SLIM-GSGP_sustavianfeed,52,99,14.419374465942385,0.0088279247283935,585.0,16.349700927734375,48,61.68767547607422,2.6334753,2,"{'max_depth': 10, 'tournament_size': 2, 'prob_const': 0.7, 'slim_version': 'SLIM*ABS'}"
SLIM*ABS,f3ad8fd5-365f-11f0-89a1-d88083763c00,SLIM-GSGP_sustavianfeed,52,100,14.419374465942385,0.0076847076416015,555.0,16.349700927734375,48,57.21073913574219,3.67741,2,"{'max_depth': 10, 'tournament_size': 2, 'prob_const': 0.7, 'slim_version': 'SLIM*ABS'}"
SLIM*ABS,f3ad8fd5-365f-11f0-89a1-d88083763c00,SLIM-GSGP_sustavianfeed,52,101,14.419374465942385,0.0086252689361572,720.0,16.349700927734375,48,120.299072265625,7.09464,2,"{'max_depth': 10, 'tournament_size': 2, 'prob_const': 0.7, 'slim_version': 'SLIM*ABS'}"
SLIM*ABS,f3ad8fd5-365f-11f0-89a1-d88083763c00,SLIM-GSGP_sustavianfeed,52,102,14.419374465942385,0.0074536800384521,750.0,16.349700927734375,48,89.44717407226562,3.3368664,2,"{'max_depth': 10, 'tournament_size': 2, 'prob_const': 0.7, 'slim_version': 'SLIM*ABS'}"
SLIM*ABS,f3ad8fd5-365f-11f0-89a1-d88083763c00,SLIM-GSGP_sustavianfeed,52,103,14.419374465942385,0.0067405700683593,600.0,16.349700927734375,48,70.32429504394531,3.464745,2,"{'max_depth': 10, 'tournament_size': 2, 'prob_const': 0.7, 'slim_version': 'SLIM*ABS'}"
SLIM*ABS,f3ad8fd5-365f-11f0-89a1-d88083763c00,SLIM-GSGP_sustavianfeed,52,104,14.419374465942385,0.0098094940185546,690.0,16.349700927734375,48,87.20421600341797,4.810487,2,"{'max_depth': 10, 'tournament_size': 2, 'prob_const': 0.7, 'slim_version': 'SLIM*ABS'}"
SLIM*ABS,f3ad8fd5-365f-11f0-89a1-d88083763c00,SLIM-GSGP_sustavianfeed,52,105,14.419374465942385,0.0074632167816162,690.0,16.349700927734375,48,66.74441528320312,3.7502124,2,"{'max_depth': 10, 'tournament_size': 2, 'prob_const': 0.7, 'slim_version': 'SLIM*ABS'}"
SLIM*ABS,f3ad8fd5-365f-11f0-89a1-d88083763c00,SLIM-GSGP_sustavianfeed,52,106,14.419374465942385,0.0088269710540771,1095.0,16.349700927734375,48,111.93008422851562,4.8139853,2,"{'max_depth': 10, 'tournament_size': 2, 'prob_const': 0.7, 'slim_version': 'SLIM*ABS'}"
SLIM*ABS,f3ad8fd5-365f-11f0-89a1-d88083763c00,SLIM-GSGP_sustavianfeed,52,107,14.419374465942385,0.00775146484375,1080.0,16.349700927734375,48,102.53514099121094,4.6965666,2,"{'max_depth': 10, 'tournament_size': 2, 'prob_const': 0.7, 'slim_version': 'SLIM*ABS'}"
SLIM*ABS,f3ad8fd5-365f-11f0-89a1-d88083763c00,SLIM-GSGP_sustavianfeed,52,108,14.419374465942385,0.0075795650482177,930.0,16.349700927734375,48,98.3417739868164,3.9369133,2,"{'max_depth': 10, 'tournament_size': 2, 'prob_const': 0.7, 'slim_version': 'SLIM*ABS'}"
SLIM*ABS,f3ad8fd5-365f-11f0-89a1-d88083763c00,SLIM-GSGP_sustavianfeed,52,109,14.419374465942385,0.0102307796478271,810.0,16.349700927734375,48,92.29216766357422,5.5513306,2,"{'max_depth': 10, 'tournament_size': 2, 'prob_const': 0.7, 'slim_version': 'SLIM*ABS'}"
SLIM*ABS,f3ad8fd5-365f-11f0-89a1-d88083763c00,SLIM-GSGP_sustavianfeed,52,110,14.419374465942385,0.009418249130249,870.0,16.349700927734375,48,117.1477508544922,7.355392,2,"{'max_depth': 10, 'tournament_size': 2, 'prob_const': 0.7, 'slim_version': 'SLIM*ABS'}"
SLIM*ABS,f3ad8fd5-365f-11f0-89a1-d88083763c00,SLIM-GSGP_sustavianfeed,52,111,14.419374465942385,0.0086526870727539,735.0,16.349700927734375,48,68.79556274414062,3.169138,2,"{'max_depth': 10, 'tournament_size': 2, 'prob_const': 0.7, 'slim_version': 'SLIM*ABS'}"
SLIM*ABS,f3ad8fd5-365f-11f0-89a1-d88083763c00,SLIM-GSGP_sustavianfeed,52,112,14.419374465942385,0.0078239440917968,810.0,16.349700927734375,48,97.59183502197266,4.4221034,2,"{'max_depth': 10, 'tournament_size': 2, 'prob_const': 0.7, 'slim_version': 'SLIM*ABS'}"
SLIM*ABS,f3ad8fd5-365f-11f0-89a1-d88083763c00,SLIM-GSGP_sustavianfeed,52,113,14.419374465942385,0.0079381465911865,645.0,16.349700927734375,48,67.5707015991211,3.6183596,2,"{'max_depth': 10, 'tournament_size': 2, 'prob_const': 0.7, 'slim_version': 'SLIM*ABS'}"
SLIM*ABS,f3ad8fd5-365f-11f0-89a1-d88083763c00,SLIM-GSGP_sustavianfeed,52,114,14.419374465942385,0.0077362060546875,660.0,16.349700927734375,48,78.47378540039062,4.2160025,2,"{'max_depth': 10, 'tournament_size': 2, 'prob_const': 0.7, 'slim_version': 'SLIM*ABS'}"
SLIM*ABS,f3ad8fd5-365f-11f0-89a1-d88083763c00,SLIM-GSGP_sustavianfeed,52,115,14.419374465942385,0.0068128108978271,540.0,16.349700927734375,48,71.84758758544922,5.393738,2,"{'max_depth': 10, 'tournament_size': 2, 'prob_const': 0.7, 'slim_version': 'SLIM*ABS'}"
SLIM*ABS,f3ad8fd5-365f-11f0-89a1-d88083763c00,SLIM-GSGP_sustavianfeed,52,116,14.419374465942385,0.0069100856781005,510.0,16.349700927734375,48,44.19801712036133,2.9129653,2,"{'max_depth': 10, 'tournament_size': 2, 'prob_const': 0.7, 'slim_version': 'SLIM*ABS'}"
SLIM*ABS,f3ad8fd5-365f-11f0-89a1-d88083763c00,SLIM-GSGP_sustavianfeed,52,117,14.419374465942385,0.0076034069061279,510.0,16.349700927734375,48,51.27949523925781,2.3496284,2,"{'max_depth': 10, 'tournament_size': 2, 'prob_const': 0.7, 'slim_version': 'SLIM*ABS'}"
SLIM*ABS,f3ad8fd5-365f-11f0-89a1-d88083763c00,SLIM-GSGP_sustavianfeed,52,118,14.414572715759276,0.008279800415039,765.0,16.351947784423828,48,84.52800750732422,3.6095622,2,"{'max_depth': 10, 'tournament_size': 2, 'prob_const': 0.7, 'slim_version': 'SLIM*ABS'}"
SLIM*ABS,f3ad8fd5-365f-11f0-89a1-d88083763c00,SLIM-GSGP_sustavianfeed,52,119,14.414572715759276,0.0065689086914062,750.0,16.351947784423828,48,80.82508087158203,5.1412773,2,"{'max_depth': 10, 'tournament_size': 2, 'prob_const': 0.7, 'slim_version': 'SLIM*ABS'}"
SLIM*ABS,f3ad8fd5-365f-11f0-89a1-d88083763c00,SLIM-GSGP_sustavianfeed,52,120,14.414572715759276,0.0080196857452392,810.0,16.351947784423828,48,85.93295288085938,3.4156373,2,"{'max_depth': 10, 'tournament_size': 2, 'prob_const': 0.7, 'slim_version': 'SLIM*ABS'}"
SLIM*ABS,f3ad8fd5-365f-11f0-89a1-d88083763c00,SLIM-GSGP_sustavianfeed,52,121,14.414572715759276,0.00901460647583,840.0,16.351947784423828,48,80.1197280883789,3.9849873,2,"{'max_depth': 10, 'tournament_size': 2, 'prob_const': 0.7, 'slim_version': 'SLIM*ABS'}"
SLIM*ABS,f3ad8fd5-365f-11f0-89a1-d88083763c00,SLIM-GSGP_sustavianfeed,52,122,14.414572715759276,0.0098068714141845,705.0,16.351947784423828,48,88.05782318115234,5.197042,2,"{'max_depth': 10, 'tournament_size': 2, 'prob_const': 0.7, 'slim_version': 'SLIM*ABS'}"
SLIM*ABS,f3ad8fd5-365f-11f0-89a1-d88083763c00,SLIM-GSGP_sustavianfeed,52,123,14.414572715759276,0.0102241039276123,750.0,16.351947784423828,48,87.41667175292969,4.374757,2,"{'max_depth': 10, 'tournament_size': 2, 'prob_const': 0.7, 'slim_version': 'SLIM*ABS'}"
SLIM*ABS,f3ad8fd5-365f-11f0-89a1-d88083763c00,SLIM-GSGP_sustavianfeed,52,124,14.414572715759276,0.0074224472045898,675.0,16.351947784423828,48,57.1624870300293,3.186467,2,"{'max_depth': 10, 'tournament_size': 2, 'prob_const': 0.7, 'slim_version': 'SLIM*ABS'}"
SLIM*ABS,f3ad8fd5-365f-11f0-89a1-d88083763c00,SLIM-GSGP_sustavianfeed,52,125,14.414572715759276,0.008582592010498,690.0,16.351947784423828,48,71.75110626220703,4.4866557,2,"{'max_depth': 10, 'tournament_size': 2, 'prob_const': 0.7, 'slim_version': 'SLIM*ABS'}"
SLIM*ABS,f3ad8fd5-365f-11f0-89a1-d88083763c00,SLIM-GSGP_sustavianfeed,52,126,14.414572715759276,0.0079479217529296,660.0,16.351947784423828,48,98.40176391601562,5.58626,2,"{'max_depth': 10, 'tournament_size': 2, 'prob_const': 0.7, 'slim_version': 'SLIM*ABS'}"
SLIM*ABS,f3ad8fd5-365f-11f0-89a1-d88083763c00,SLIM-GSGP_sustavianfeed,52,127,14.414572715759276,0.010115623474121,555.0,16.351947784423828,48,65.12852478027344,4.72993,2,"{'max_depth': 10, 'tournament_size': 2, 'prob_const': 0.7, 'slim_version': 'SLIM*ABS'}"
SLIM*ABS,f3ad8fd5-365f-11f0-89a1-d88083763c00,SLIM-GSGP_sustavianfeed,52,128,14.414572715759276,0.0081572532653808,810.0,16.351947784423828,48,97.4808120727539,4.229593,2,"{'max_depth': 10, 'tournament_size': 2, 'prob_const': 0.7, 'slim_version': 'SLIM*ABS'}"
SLIM*ABS,f3ad8fd5-365f-11f0-89a1-d88083763c00,SLIM-GSGP_sustavianfeed,52,129,14.414572715759276,0.0082447528839111,900.0,16.351947784423828,48,108.2245864868164,5.6938415,2,"{'max_depth': 10, 'tournament_size': 2, 'prob_const': 0.7, 'slim_version': 'SLIM*ABS'}"
SLIM*ABS,f3ad8fd5-365f-11f0-89a1-d88083763c00,SLIM-GSGP_sustavianfeed,52,130,14.414572715759276,0.0060184001922607,840.0,16.351947784423828,48,89.89423370361328,3.4232802,2,"{'max_depth': 10, 'tournament_size': 2, 'prob_const': 0.7, 'slim_version': 'SLIM*ABS'}"
SLIM*ABS,f3ad8fd5-365f-11f0-89a1-d88083763c00,SLIM-GSGP_sustavianfeed,52,131,14.414572715759276,0.0081129074096679,615.0,16.351947784423828,48,79.36277770996094,3.4384027,2,"{'max_depth': 10, 'tournament_size': 2, 'prob_const': 0.7, 'slim_version': 'SLIM*ABS'}"
SLIM*ABS,f3ad8fd5-365f-11f0-89a1-d88083763c00,SLIM-GSGP_sustavianfeed,52,132,14.414572715759276,0.0074853897094726,555.0,16.351947784423828,48,49.77128219604492,4.0014043,2,"{'max_depth': 10, 'tournament_size': 2, 'prob_const': 0.7, 'slim_version': 'SLIM*ABS'}"
SLIM*ABS,f3ad8fd5-365f-11f0-89a1-d88083763c00,SLIM-GSGP_sustavianfeed,52,133,14.414572715759276,0.0072371959686279,615.0,16.351947784423828,48,62.187625885009766,4.7603407,2,"{'max_depth': 10, 'tournament_size': 2, 'prob_const': 0.7, 'slim_version': 'SLIM*ABS'}"
SLIM*ABS,f3ad8fd5-365f-11f0-89a1-d88083763c00,SLIM-GSGP_sustavianfeed,52,134,14.414572715759276,0.0074148178100585,765.0,16.351947784423828,48,84.57278442382812,4.783723,2,"{'max_depth': 10, 'tournament_size': 2, 'prob_const': 0.7, 'slim_version': 'SLIM*ABS'}"
SLIM*ABS,f3ad8fd5-365f-11f0-89a1-d88083763c00,SLIM-GSGP_sustavianfeed,52,135,14.414572715759276,0.0080494880676269,885.0,16.351947784423828,48,109.43205261230467,5.5760903,2,"{'max_depth': 10, 'tournament_size': 2, 'prob_const': 0.7, 'slim_version': 'SLIM*ABS'}"
SLIM*ABS,f3ad8fd5-365f-11f0-89a1-d88083763c00,SLIM-GSGP_sustavianfeed,52,136,14.414572715759276,0.0077292919158935,840.0,16.351947784423828,48,84.53489685058594,4.722763,2,"{'max_depth': 10, 'tournament_size': 2, 'prob_const': 0.7, 'slim_version': 'SLIM*ABS'}"
SLIM*ABS,f3ad8fd5-365f-11f0-89a1-d88083763c00,SLIM-GSGP_sustavianfeed,52,137,14.414572715759276,0.008528709411621,975.0,16.351947784423828,48,78.90481567382812,3.1157742,2,"{'max_depth': 10, 'tournament_size': 2, 'prob_const': 0.7, 'slim_version': 'SLIM*ABS'}"
SLIM*ABS,f3ad8fd5-365f-11f0-89a1-d88083763c00,SLIM-GSGP_sustavianfeed,52,138,14.414572715759276,0.0092504024505615,1095.0,16.351947784423828,48,104.24839782714844,4.3073406,2,"{'max_depth': 10, 'tournament_size': 2, 'prob_const': 0.7, 'slim_version': 'SLIM*ABS'}"
SLIM*ABS,f3ad8fd5-365f-11f0-89a1-d88083763c00,SLIM-GSGP_sustavianfeed,52,139,14.414572715759276,0.0114054679870605,915.0,16.351947784423828,48,127.26488494873048,5.8804665,2,"{'max_depth': 10, 'tournament_size': 2, 'prob_const': 0.7, 'slim_version': 'SLIM*ABS'}"
SLIM*ABS,f3ad8fd5-365f-11f0-89a1-d88083763c00,SLIM-GSGP_sustavianfeed,52,140,14.414572715759276,0.0094900131225585,780.0,16.351947784423828,48,79.60700225830078,4.98283,2,"{'max_depth': 10, 'tournament_size': 2, 'prob_const': 0.7, 'slim_version': 'SLIM*ABS'}"
SLIM*ABS,f3ad8fd5-365f-11f0-89a1-d88083763c00,SLIM-GSGP_sustavianfeed,52,141,14.414572715759276,0.0098795890808105,855.0,16.351947784423828,48,70.22996520996094,3.4870222,2,"{'max_depth': 10, 'tournament_size': 2, 'prob_const': 0.7, 'slim_version': 'SLIM*ABS'}"
SLIM*ABS,f3ad8fd5-365f-11f0-89a1-d88083763c00,SLIM-GSGP_sustavianfeed,52,142,14.414572715759276,0.0089290142059326,795.0,16.351947784423828,48,75.77788543701172,4.1037493,2,"{'max_depth': 10, 'tournament_size': 2, 'prob_const': 0.7, 'slim_version': 'SLIM*ABS'}"
SLIM*ABS,f3ad8fd5-365f-11f0-89a1-d88083763c00,SLIM-GSGP_sustavianfeed,52,143,14.414572715759276,0.0099110603332519,1080.0,16.351947784423828,48,105.11578369140624,3.8694904,2,"{'max_depth': 10, 'tournament_size': 2, 'prob_const': 0.7, 'slim_version': 'SLIM*ABS'}"
SLIM*ABS,f3ad8fd5-365f-11f0-89a1-d88083763c00,SLIM-GSGP_sustavianfeed,52,144,14.414572715759276,0.0068912506103515,960.0,16.351947784423828,48,98.4993133544922,4.2529316,2,"{'max_depth': 10, 'tournament_size': 2, 'prob_const': 0.7, 'slim_version': 'SLIM*ABS'}"
SLIM*ABS,f3ad8fd5-365f-11f0-89a1-d88083763c00,SLIM-GSGP_sustavianfeed,52,145,14.414572715759276,0.0106217861175537,1080.0,16.351947784423828,48,102.54193115234376,4.012246,2,"{'max_depth': 10, 'tournament_size': 2, 'prob_const': 0.7, 'slim_version': 'SLIM*ABS'}"
SLIM*ABS,f3ad8fd5-365f-11f0-89a1-d88083763c00,SLIM-GSGP_sustavianfeed,52,146,14.414572715759276,0.0084693431854248,825.0,16.351947784423828,48,106.07887268066406,4.8502927,2,"{'max_depth': 10, 'tournament_size': 2, 'prob_const': 0.7, 'slim_version': 'SLIM*ABS'}"
SLIM*ABS,f3ad8fd5-365f-11f0-89a1-d88083763c00,SLIM-GSGP_sustavianfeed,52,147,14.414572715759276,0.0101358890533447,900.0,16.351947784423828,48,98.21686553955078,4.8917933,2,"{'max_depth': 10, 'tournament_size': 2, 'prob_const': 0.7, 'slim_version': 'SLIM*ABS'}"
SLIM*ABS,f3ad8fd5-365f-11f0-89a1-d88083763c00,SLIM-GSGP_sustavianfeed,52,148,14.414572715759276,0.0090861320495605,795.0,16.351947784423828,48,79.65213012695312,4.269535,2,"{'max_depth': 10, 'tournament_size': 2, 'prob_const': 0.7, 'slim_version': 'SLIM*ABS'}"
SLIM*ABS,f3ad8fd5-365f-11f0-89a1-d88083763c00,SLIM-GSGP_sustavianfeed,52,149,14.414572715759276,0.0094096660614013,930.0,16.351947784423828,48,99.98347473144533,4.6475706,2,"{'max_depth': 10, 'tournament_size': 2, 'prob_const': 0.7, 'slim_version': 'SLIM*ABS'}"
SLIM*ABS,f3ad8fd5-365f-11f0-89a1-d88083763c00,SLIM-GSGP_sustavianfeed,52,150,14.414572715759276,0.0108418464660644,885.0,16.351947784423828,48,95.1743392944336,3.6658597,2,"{'max_depth': 10, 'tournament_size': 2, 'prob_const': 0.7, 'slim_version': 'SLIM*ABS'}"
SLIM*ABS,f3ad8fd5-365f-11f0-89a1-d88083763c00,SLIM-GSGP_sustavianfeed,52,151,14.414572715759276,0.010787010192871,855.0,16.351947784423828,48,86.36978912353516,4.320555,2,"{'max_depth': 10, 'tournament_size': 2, 'prob_const': 0.7, 'slim_version': 'SLIM*ABS'}"
SLIM*ABS,f3ad8fd5-365f-11f0-89a1-d88083763c00,SLIM-GSGP_sustavianfeed,52,152,14.414572715759276,0.0094678401947021,900.0,16.351947784423828,48,109.06426239013672,4.93294,2,"{'max_depth': 10, 'tournament_size': 2, 'prob_const': 0.7, 'slim_version': 'SLIM*ABS'}"
SLIM*ABS,f3ad8fd5-365f-11f0-89a1-d88083763c00,SLIM-GSGP_sustavianfeed,52,153,14.414572715759276,0.00956392288208,690.0,16.351947784423828,48,71.97522735595703,4.9418507,2,"{'max_depth': 10, 'tournament_size': 2, 'prob_const': 0.7, 'slim_version': 'SLIM*ABS'}"
SLIM*ABS,f3ad8fd5-365f-11f0-89a1-d88083763c00,SLIM-GSGP_sustavianfeed,52,154,14.414572715759276,0.0107653141021728,855.0,16.351947784423828,48,119.49903869628906,4.9477167,2,"{'max_depth': 10, 'tournament_size': 2, 'prob_const': 0.7, 'slim_version': 'SLIM*ABS'}"
SLIM*ABS,f3ad8fd5-365f-11f0-89a1-d88083763c00,SLIM-GSGP_sustavianfeed,52,155,14.414572715759276,0.0084753036499023,780.0,16.351947784423828,48,107.53428649902344,7.3949666,2,"{'max_depth': 10, 'tournament_size': 2, 'prob_const': 0.7, 'slim_version': 'SLIM*ABS'}"
SLIM*ABS,f3ad8fd5-365f-11f0-89a1-d88083763c00,SLIM-GSGP_sustavianfeed,52,156,14.414572715759276,0.0075266361236572,1080.0,16.351947784423828,48,103.44055938720705,5.070152,2,"{'max_depth': 10, 'tournament_size': 2, 'prob_const': 0.7, 'slim_version': 'SLIM*ABS'}"
SLIM*ABS,f3ad8fd5-365f-11f0-89a1-d88083763c00,SLIM-GSGP_sustavianfeed,52,157,14.414572715759276,0.0091452598571777,960.0,16.351947784423828,48,105.4772491455078,4.3940187,2,"{'max_depth': 10, 'tournament_size': 2, 'prob_const': 0.7, 'slim_version': 'SLIM*ABS'}"
SLIM*ABS,f3ad8fd5-365f-11f0-89a1-d88083763c00,SLIM-GSGP_sustavianfeed,52,158,14.414572715759276,0.0097413063049316,945.0,16.351947784423828,48,105.81134796142578,5.4606643,2,"{'max_depth': 10, 'tournament_size': 2, 'prob_const': 0.7, 'slim_version': 'SLIM*ABS'}"
SLIM*ABS,f3ad8fd5-365f-11f0-89a1-d88083763c00,SLIM-GSGP_sustavianfeed,52,159,14.414572715759276,0.0098049640655517,795.0,16.351947784423828,48,90.12149047851562,4.1506214,2,"{'max_depth': 10, 'tournament_size': 2, 'prob_const': 0.7, 'slim_version': 'SLIM*ABS'}"
SLIM*ABS,f3ad8fd5-365f-11f0-89a1-d88083763c00,SLIM-GSGP_sustavianfeed,52,160,14.414572715759276,0.009465217590332,900.0,16.351947784423828,48,85.59159088134766,3.5569682,2,"{'max_depth': 10, 'tournament_size': 2, 'prob_const': 0.7, 'slim_version': 'SLIM*ABS'}"
SLIM*ABS,f3ad8fd5-365f-11f0-89a1-d88083763c00,SLIM-GSGP_sustavianfeed,52,161,14.414572715759276,0.0075345039367675,810.0,16.351947784423828,48,91.647216796875,2.8436337,2,"{'max_depth': 10, 'tournament_size': 2, 'prob_const': 0.7, 'slim_version': 'SLIM*ABS'}"
SLIM*ABS,f3ad8fd5-365f-11f0-89a1-d88083763c00,SLIM-GSGP_sustavianfeed,52,162,14.414572715759276,0.0091009140014648,960.0,16.351947784423828,48,119.30162811279295,4.947911,2,"{'max_depth': 10, 'tournament_size': 2, 'prob_const': 0.7, 'slim_version': 'SLIM*ABS'}"
SLIM*ABS,f3ad8fd5-365f-11f0-89a1-d88083763c00,SLIM-GSGP_sustavianfeed,52,163,14.414572715759276,0.0093116760253906,855.0,16.351947784423828,48,116.3320770263672,4.522899,2,"{'max_depth': 10, 'tournament_size': 2, 'prob_const': 0.7, 'slim_version': 'SLIM*ABS'}"
SLIM*ABS,f3ad8fd5-365f-11f0-89a1-d88083763c00,SLIM-GSGP_sustavianfeed,52,164,14.414572715759276,0.0103552341461181,810.0,16.351947784423828,48,123.59351348876952,4.890608,2,"{'max_depth': 10, 'tournament_size': 2, 'prob_const': 0.7, 'slim_version': 'SLIM*ABS'}"
SLIM*ABS,f3ad8fd5-365f-11f0-89a1-d88083763c00,SLIM-GSGP_sustavianfeed,52,165,14.414572715759276,0.0102784633636474,795.0,16.351947784423828,48,80.9674072265625,3.6827009,2,"{'max_depth': 10, 'tournament_size': 2, 'prob_const': 0.7, 'slim_version': 'SLIM*ABS'}"
SLIM*ABS,f3ad8fd5-365f-11f0-89a1-d88083763c00,SLIM-GSGP_sustavianfeed,52,166,14.414572715759276,0.0095131397247314,870.0,16.351947784423828,48,91.51567840576172,4.1055837,2,"{'max_depth': 10, 'tournament_size': 2, 'prob_const': 0.7, 'slim_version': 'SLIM*ABS'}"
SLIM*ABS,f3ad8fd5-365f-11f0-89a1-d88083763c00,SLIM-GSGP_sustavianfeed,52,167,14.414572715759276,0.0099430084228515,885.0,16.351947784423828,48,103.27617645263672,4.895048,2,"{'max_depth': 10, 'tournament_size': 2, 'prob_const': 0.7, 'slim_version': 'SLIM*ABS'}"
SLIM*ABS,f3ad8fd5-365f-11f0-89a1-d88083763c00,SLIM-GSGP_sustavianfeed,52,168,14.414572715759276,0.0114023685455322,975.0,16.351947784423828,48,97.39038848876952,3.5799718,2,"{'max_depth': 10, 'tournament_size': 2, 'prob_const': 0.7, 'slim_version': 'SLIM*ABS'}"
SLIM*ABS,f3ad8fd5-365f-11f0-89a1-d88083763c00,SLIM-GSGP_sustavianfeed,52,169,14.414572715759276,0.0089480876922607,1080.0,16.351947784423828,48,138.92535400390625,6.0209055,2,"{'max_depth': 10, 'tournament_size': 2, 'prob_const': 0.7, 'slim_version': 'SLIM*ABS'}"
SLIM*ABS,f3ad8fd5-365f-11f0-89a1-d88083763c00,SLIM-GSGP_sustavianfeed,52,170,14.414572715759276,0.0071561336517333,915.0,16.351947784423828,48,113.19760131835938,5.680727,2,"{'max_depth': 10, 'tournament_size': 2, 'prob_const': 0.7, 'slim_version': 'SLIM*ABS'}"
SLIM*ABS,f3ad8fd5-365f-11f0-89a1-d88083763c00,SLIM-GSGP_sustavianfeed,52,171,14.414572715759276,0.009162425994873,735.0,16.351947784423828,48,109.36955261230467,5.373156,2,"{'max_depth': 10, 'tournament_size': 2, 'prob_const': 0.7, 'slim_version': 'SLIM*ABS'}"
SLIM*ABS,f3ad8fd5-365f-11f0-89a1-d88083763c00,SLIM-GSGP_sustavianfeed,52,172,14.414572715759276,0.0076019763946533,660.0,16.351947784423828,48,65.89167785644531,3.6126564,2,"{'max_depth': 10, 'tournament_size': 2, 'prob_const': 0.7, 'slim_version': 'SLIM*ABS'}"
SLIM*ABS,f3ad8fd5-365f-11f0-89a1-d88083763c00,SLIM-GSGP_sustavianfeed,52,173,14.414572715759276,0.0073921680450439,825.0,16.351947784423828,48,102.83879089355467,5.074721,2,"{'max_depth': 10, 'tournament_size': 2, 'prob_const': 0.7, 'slim_version': 'SLIM*ABS'}"
SLIM*ABS,f3ad8fd5-365f-11f0-89a1-d88083763c00,SLIM-GSGP_sustavianfeed,52,174,14.414572715759276,0.0057334899902343,900.0,16.351947784423828,48,89.94973754882812,3.450009,2,"{'max_depth': 10, 'tournament_size': 2, 'prob_const': 0.7, 'slim_version': 'SLIM*ABS'}"
SLIM*ABS,f3ad8fd5-365f-11f0-89a1-d88083763c00,SLIM-GSGP_sustavianfeed,52,175,14.414572715759276,0.0076446533203125,900.0,16.351947784423828,48,85.91999053955078,3.4986625,2,"{'max_depth': 10, 'tournament_size': 2, 'prob_const': 0.7, 'slim_version': 'SLIM*ABS'}"
SLIM*ABS,f3ad8fd5-365f-11f0-89a1-d88083763c00,SLIM-GSGP_sustavianfeed,52,176,14.414572715759276,0.0093376636505126,960.0,16.351947784423828,48,85.09190368652344,3.1193962,2,"{'max_depth': 10, 'tournament_size': 2, 'prob_const': 0.7, 'slim_version': 'SLIM*ABS'}"
SLIM*ABS,f3ad8fd5-365f-11f0-89a1-d88083763c00,SLIM-GSGP_sustavianfeed,52,177,14.414572715759276,0.009669542312622,945.0,16.351947784423828,48,104.7933120727539,5.4511456,2,"{'max_depth': 10, 'tournament_size': 2, 'prob_const': 0.7, 'slim_version': 'SLIM*ABS'}"
SLIM*ABS,f3ad8fd5-365f-11f0-89a1-d88083763c00,SLIM-GSGP_sustavianfeed,52,178,14.414572715759276,0.0082967281341552,885.0,16.351947784423828,48,83.84213256835938,3.2713654,2,"{'max_depth': 10, 'tournament_size': 2, 'prob_const': 0.7, 'slim_version': 'SLIM*ABS'}"
SLIM*ABS,f3ad8fd5-365f-11f0-89a1-d88083763c00,SLIM-GSGP_sustavianfeed,52,179,14.414572715759276,0.0081212520599365,885.0,16.351947784423828,48,111.65869903564452,5.0918374,2,"{'max_depth': 10, 'tournament_size': 2, 'prob_const': 0.7, 'slim_version': 'SLIM*ABS'}"
SLIM*ABS,f3ad8fd5-365f-11f0-89a1-d88083763c00,SLIM-GSGP_sustavianfeed,52,180,14.414572715759276,0.0075750350952148,735.0,16.351947784423828,48,88.72089385986328,4.103791,2,"{'max_depth': 10, 'tournament_size': 2, 'prob_const': 0.7, 'slim_version': 'SLIM*ABS'}"
SLIM*ABS,f3ad8fd5-365f-11f0-89a1-d88083763c00,SLIM-GSGP_sustavianfeed,52,181,14.414572715759276,0.006678819656372,705.0,16.351947784423828,48,85.9295425415039,4.659978,2,"{'max_depth': 10, 'tournament_size': 2, 'prob_const': 0.7, 'slim_version': 'SLIM*ABS'}"
SLIM*ABS,f3ad8fd5-365f-11f0-89a1-d88083763c00,SLIM-GSGP_sustavianfeed,52,182,14.414572715759276,0.0092780590057373,645.0,16.351947784423828,48,100.00354766845705,3.5528471,2,"{'max_depth': 10, 'tournament_size': 2, 'prob_const': 0.7, 'slim_version': 'SLIM*ABS'}"
SLIM*ABS,f3ad8fd5-365f-11f0-89a1-d88083763c00,SLIM-GSGP_sustavianfeed,52,183,14.414572715759276,0.006981611251831,600.0,16.351947784423828,48,84.0960464477539,4.3980937,2,"{'max_depth': 10, 'tournament_size': 2, 'prob_const': 0.7, 'slim_version': 'SLIM*ABS'}"
SLIM*ABS,f3ad8fd5-365f-11f0-89a1-d88083763c00,SLIM-GSGP_sustavianfeed,52,184,14.414572715759276,0.006324291229248,660.0,16.351947784423828,48,72.12825012207031,3.418865,2,"{'max_depth': 10, 'tournament_size': 2, 'prob_const': 0.7, 'slim_version': 'SLIM*ABS'}"
SLIM*ABS,f3ad8fd5-365f-11f0-89a1-d88083763c00,SLIM-GSGP_sustavianfeed,52,185,14.414572715759276,0.007394790649414,840.0,16.351947784423828,48,85.01737213134766,3.199246,2,"{'max_depth': 10, 'tournament_size': 2, 'prob_const': 0.7, 'slim_version': 'SLIM*ABS'}"
SLIM*ABS,f3ad8fd5-365f-11f0-89a1-d88083763c00,SLIM-GSGP_sustavianfeed,52,186,14.414572715759276,0.0077171325683593,1050.0,16.351947784423828,48,91.80750274658205,4.28331,2,"{'max_depth': 10, 'tournament_size': 2, 'prob_const': 0.7, 'slim_version': 'SLIM*ABS'}"
SLIM*ABS,f3ad8fd5-365f-11f0-89a1-d88083763c00,SLIM-GSGP_sustavianfeed,52,187,14.414572715759276,0.0103554725646972,1230.0,16.351947784423828,48,99.31532287597656,3.943008,2,"{'max_depth': 10, 'tournament_size': 2, 'prob_const': 0.7, 'slim_version': 'SLIM*ABS'}"
SLIM*ABS,f3ad8fd5-365f-11f0-89a1-d88083763c00,SLIM-GSGP_sustavianfeed,52,188,14.414572715759276,0.0079946517944335,1215.0,16.351947784423828,48,110.45359802246094,4.568295,2,"{'max_depth': 10, 'tournament_size': 2, 'prob_const': 0.7, 'slim_version': 'SLIM*ABS'}"
SLIM*ABS,f3ad8fd5-365f-11f0-89a1-d88083763c00,SLIM-GSGP_sustavianfeed,52,189,14.414572715759276,0.0089428424835205,1140.0,16.351947784423828,48,140.3875274658203,5.74134,2,"{'max_depth': 10, 'tournament_size': 2, 'prob_const': 0.7, 'slim_version': 'SLIM*ABS'}"
SLIM*ABS,f3ad8fd5-365f-11f0-89a1-d88083763c00,SLIM-GSGP_sustavianfeed,52,190,14.414572715759276,0.0072038173675537,1035.0,16.351947784423828,48,115.2023468017578,4.85437,2,"{'max_depth': 10, 'tournament_size': 2, 'prob_const': 0.7, 'slim_version': 'SLIM*ABS'}"
SLIM*ABS,f3ad8fd5-365f-11f0-89a1-d88083763c00,SLIM-GSGP_sustavianfeed,52,191,14.414572715759276,0.0100841522216796,1050.0,16.351947784423828,48,123.96048736572266,5.7994804,2,"{'max_depth': 10, 'tournament_size': 2, 'prob_const': 0.7, 'slim_version': 'SLIM*ABS'}"
SLIM*ABS,f3ad8fd5-365f-11f0-89a1-d88083763c00,SLIM-GSGP_sustavianfeed,52,192,14.414572715759276,0.0082442760467529,1050.0,16.351947784423828,48,126.43199920654295,7.675119,2,"{'max_depth': 10, 'tournament_size': 2, 'prob_const': 0.7, 'slim_version': 'SLIM*ABS'}"
SLIM*ABS,f3ad8fd5-365f-11f0-89a1-d88083763c00,SLIM-GSGP_sustavianfeed,52,193,14.414572715759276,0.0082817077636718,750.0,16.351947784423828,48,85.32189178466797,4.233825,2,"{'max_depth': 10, 'tournament_size': 2, 'prob_const': 0.7, 'slim_version': 'SLIM*ABS'}"
SLIM*ABS,f3ad8fd5-365f-11f0-89a1-d88083763c00,SLIM-GSGP_sustavianfeed,52,194,14.414572715759276,0.0072925090789794,720.0,16.351947784423828,48,70.83650207519531,4.55555,2,"{'max_depth': 10, 'tournament_size': 2, 'prob_const': 0.7, 'slim_version': 'SLIM*ABS'}"
SLIM*ABS,f3ad8fd5-365f-11f0-89a1-d88083763c00,SLIM-GSGP_sustavianfeed,52,195,14.414572715759276,0.0069332122802734,735.0,16.351947784423828,48,81.42764282226562,5.641864,2,"{'max_depth': 10, 'tournament_size': 2, 'prob_const': 0.7, 'slim_version': 'SLIM*ABS'}"
SLIM*ABS,f3ad8fd5-365f-11f0-89a1-d88083763c00,SLIM-GSGP_sustavianfeed,52,196,14.414572715759276,0.0089101791381835,690.0,16.351947784423828,48,82.68892669677734,3.841411,2,"{'max_depth': 10, 'tournament_size': 2, 'prob_const': 0.7, 'slim_version': 'SLIM*ABS'}"
SLIM*ABS,f3ad8fd5-365f-11f0-89a1-d88083763c00,SLIM-GSGP_sustavianfeed,52,197,14.414572715759276,0.010707139968872,810.0,16.351947784423828,48,112.53551483154295,5.794014,2,"{'max_depth': 10, 'tournament_size': 2, 'prob_const': 0.7, 'slim_version': 'SLIM*ABS'}"
SLIM*ABS,f3ad8fd5-365f-11f0-89a1-d88083763c00,SLIM-GSGP_sustavianfeed,52,198,14.414572715759276,0.0104246139526367,795.0,16.351947784423828,48,94.43568420410156,4.1103106,2,"{'max_depth': 10, 'tournament_size': 2, 'prob_const': 0.7, 'slim_version': 'SLIM*ABS'}"
SLIM*ABS,f3ad8fd5-365f-11f0-89a1-d88083763c00,SLIM-GSGP_sustavianfeed,52,199,14.414572715759276,0.00927734375,810.0,16.351947784423828,48,68.71682739257812,3.2370791,2,"{'max_depth': 10, 'tournament_size': 2, 'prob_const': 0.7, 'slim_version': 'SLIM*ABS'}"
SLIM*ABS,f3ad8fd5-365f-11f0-89a1-d88083763c00,SLIM-GSGP_sustavianfeed,52,200,14.414572715759276,0.0089795589447021,810.0,16.351947784423828,48,93.55709075927734,4.0769076,2,"{'max_depth': 10, 'tournament_size': 2, 'prob_const': 0.7, 'slim_version': 'SLIM*ABS'}"
SLIM*ABS,f3ad8fd5-365f-11f0-89a1-d88083763c00,SLIM-GSGP_sustavianfeed,52,201,14.414572715759276,0.0104467868804931,975.0,16.351947784423828,48,122.47372436523438,6.946488,2,"{'max_depth': 10, 'tournament_size': 2, 'prob_const': 0.7, 'slim_version': 'SLIM*ABS'}"
SLIM*ABS,f3ad8fd5-365f-11f0-89a1-d88083763c00,SLIM-GSGP_sustavianfeed,52,202,14.414572715759276,0.0078034400939941,900.0,16.351947784423828,48,97.97686004638672,4.33359,2,"{'max_depth': 10, 'tournament_size': 2, 'prob_const': 0.7, 'slim_version': 'SLIM*ABS'}"
SLIM*ABS,f3ad8fd5-365f-11f0-89a1-d88083763c00,SLIM-GSGP_sustavianfeed,52,203,14.414572715759276,0.0069987773895263,915.0,16.351947784423828,48,89.84062194824219,4.999242,2,"{'max_depth': 10, 'tournament_size': 2, 'prob_const': 0.7, 'slim_version': 'SLIM*ABS'}"
SLIM*ABS,f3ad8fd5-365f-11f0-89a1-d88083763c00,SLIM-GSGP_sustavianfeed,52,204,14.414572715759276,0.0072314739227294,855.0,16.351947784423828,48,96.97435760498048,3.7575643,2,"{'max_depth': 10, 'tournament_size': 2, 'prob_const': 0.7, 'slim_version': 'SLIM*ABS'}"
SLIM*ABS,f3ad8fd5-365f-11f0-89a1-d88083763c00,SLIM-GSGP_sustavianfeed,52,205,14.414572715759276,0.0095829963684082,975.0,16.351947784423828,48,116.45506286621094,5.183806,2,"{'max_depth': 10, 'tournament_size': 2, 'prob_const': 0.7, 'slim_version': 'SLIM*ABS'}"
SLIM*ABS,f3ad8fd5-365f-11f0-89a1-d88083763c00,SLIM-GSGP_sustavianfeed,52,206,14.414572715759276,0.0081377029418945,735.0,16.351947784423828,48,91.18720245361328,5.4350195,2,"{'max_depth': 10, 'tournament_size': 2, 'prob_const': 0.7, 'slim_version': 'SLIM*ABS'}"
SLIM*ABS,f3ad8fd5-365f-11f0-89a1-d88083763c00,SLIM-GSGP_sustavianfeed,52,207,14.414572715759276,0.0071513652801513,780.0,16.351947784423828,48,75.89330291748047,5.251456,2,"{'max_depth': 10, 'tournament_size': 2, 'prob_const': 0.7, 'slim_version': 'SLIM*ABS'}"
SLIM*ABS,f3ad8fd5-365f-11f0-89a1-d88083763c00,SLIM-GSGP_sustavianfeed,52,208,14.414572715759276,0.0074715614318847,1035.0,16.351947784423828,48,122.51253509521484,4.477356,2,"{'max_depth': 10, 'tournament_size': 2, 'prob_const': 0.7, 'slim_version': 'SLIM*ABS'}"
SLIM*ABS,f3ad8fd5-365f-11f0-89a1-d88083763c00,SLIM-GSGP_sustavianfeed,52,209,14.414572715759276,0.0077865123748779,765.0,16.351947784423828,48,119.52351379394533,5.1106653,2,"{'max_depth': 10, 'tournament_size': 2, 'prob_const': 0.7, 'slim_version': 'SLIM*ABS'}"
SLIM*ABS,f3ad8fd5-365f-11f0-89a1-d88083763c00,SLIM-GSGP_sustavianfeed,52,210,14.414572715759276,0.0079569816589355,690.0,16.351947784423828,48,81.93902587890625,3.944236,2,"{'max_depth': 10, 'tournament_size': 2, 'prob_const': 0.7, 'slim_version': 'SLIM*ABS'}"
SLIM*ABS,f3ad8fd5-365f-11f0-89a1-d88083763c00,SLIM-GSGP_sustavianfeed,52,211,14.414572715759276,0.0070457458496093,735.0,16.351947784423828,48,73.2984619140625,4.3792,2,"{'max_depth': 10, 'tournament_size': 2, 'prob_const': 0.7, 'slim_version': 'SLIM*ABS'}"
SLIM*ABS,f3ad8fd5-365f-11f0-89a1-d88083763c00,SLIM-GSGP_sustavianfeed,52,212,14.414572715759276,0.0079493522644042,795.0,16.351947784423828,48,102.58712768554688,4.899151,2,"{'max_depth': 10, 'tournament_size': 2, 'prob_const': 0.7, 'slim_version': 'SLIM*ABS'}"
SLIM*ABS,f3ad8fd5-365f-11f0-89a1-d88083763c00,SLIM-GSGP_sustavianfeed,52,213,14.414572715759276,0.0072901248931884,765.0,16.351947784423828,48,84.39683532714844,5.309993,2,"{'max_depth': 10, 'tournament_size': 2, 'prob_const': 0.7, 'slim_version': 'SLIM*ABS'}"
SLIM*ABS,f3ad8fd5-365f-11f0-89a1-d88083763c00,SLIM-GSGP_sustavianfeed,52,214,14.414572715759276,0.0094969272613525,900.0,16.351947784423828,48,103.5809097290039,4.9845657,2,"{'max_depth': 10, 'tournament_size': 2, 'prob_const': 0.7, 'slim_version': 'SLIM*ABS'}"
SLIM*ABS,f3ad8fd5-365f-11f0-89a1-d88083763c00,SLIM-GSGP_sustavianfeed,52,215,14.414572715759276,0.0090851783752441,990.0,16.351947784423828,48,106.6407470703125,4.837884,2,"{'max_depth': 10, 'tournament_size': 2, 'prob_const': 0.7, 'slim_version': 'SLIM*ABS'}"
SLIM*ABS,f3ad8fd5-365f-11f0-89a1-d88083763c00,SLIM-GSGP_sustavianfeed,52,216,14.414572715759276,0.0078825950622558,1185.0,16.351947784423828,48,119.29270935058594,5.141648,2,"{'max_depth': 10, 'tournament_size': 2, 'prob_const': 0.7, 'slim_version': 'SLIM*ABS'}"
SLIM*ABS,f3ad8fd5-365f-11f0-89a1-d88083763c00,SLIM-GSGP_sustavianfeed,52,217,14.414572715759276,0.0068204402923583,840.0,16.351947784423828,48,83.24818420410156,3.3988116,2,"{'max_depth': 10, 'tournament_size': 2, 'prob_const': 0.7, 'slim_version': 'SLIM*ABS'}"
SLIM*ABS,f3ad8fd5-365f-11f0-89a1-d88083763c00,SLIM-GSGP_sustavianfeed,52,218,14.414572715759276,0.006929874420166,915.0,16.351947784423828,48,81.05728912353516,4.1812277,2,"{'max_depth': 10, 'tournament_size': 2, 'prob_const': 0.7, 'slim_version': 'SLIM*ABS'}"
SLIM*ABS,f3ad8fd5-365f-11f0-89a1-d88083763c00,SLIM-GSGP_sustavianfeed,52,219,14.414572715759276,0.0089209079742431,1125.0,16.351947784423828,48,104.4733428955078,5.047359,2,"{'max_depth': 10, 'tournament_size': 2, 'prob_const': 0.7, 'slim_version': 'SLIM*ABS'}"
SLIM*ABS,f3ad8fd5-365f-11f0-89a1-d88083763c00,SLIM-GSGP_sustavianfeed,52,220,14.414572715759276,0.0119218826293945,1065.0,16.351947784423828,48,121.44470977783205,7.018029,2,"{'max_depth': 10, 'tournament_size': 2, 'prob_const': 0.7, 'slim_version': 'SLIM*ABS'}"
SLIM*ABS,f3ad8fd5-365f-11f0-89a1-d88083763c00,SLIM-GSGP_sustavianfeed,52,221,14.414572715759276,0.0086793899536132,945.0,16.351947784423828,48,104.3804931640625,4.8720326,2,"{'max_depth': 10, 'tournament_size': 2, 'prob_const': 0.7, 'slim_version': 'SLIM*ABS'}"
SLIM*ABS,f3ad8fd5-365f-11f0-89a1-d88083763c00,SLIM-GSGP_sustavianfeed,52,222,14.414572715759276,0.0102648735046386,870.0,16.351947784423828,48,84.03730010986328,5.500972,2,"{'max_depth': 10, 'tournament_size': 2, 'prob_const': 0.7, 'slim_version': 'SLIM*ABS'}"
SLIM*ABS,f3ad8fd5-365f-11f0-89a1-d88083763c00,SLIM-GSGP_sustavianfeed,52,223,14.414572715759276,0.0102853775024414,705.0,16.351947784423828,48,82.487548828125,3.78695,2,"{'max_depth': 10, 'tournament_size': 2, 'prob_const': 0.7, 'slim_version': 'SLIM*ABS'}"
SLIM*ABS,f3ad8fd5-365f-11f0-89a1-d88083763c00,SLIM-GSGP_sustavianfeed,52,224,14.414572715759276,0.009758710861206,750.0,16.351947784423828,48,87.83600616455078,5.0622478,2,"{'max_depth': 10, 'tournament_size': 2, 'prob_const': 0.7, 'slim_version': 'SLIM*ABS'}"
SLIM*ABS,f3ad8fd5-365f-11f0-89a1-d88083763c00,SLIM-GSGP_sustavianfeed,52,225,14.414572715759276,0.0092933177947998,780.0,16.351947784423828,48,87.97844696044922,3.5224986,2,"{'max_depth': 10, 'tournament_size': 2, 'prob_const': 0.7, 'slim_version': 'SLIM*ABS'}"
SLIM*ABS,f3ad8fd5-365f-11f0-89a1-d88083763c00,SLIM-GSGP_sustavianfeed,52,226,14.414572715759276,0.0090894699096679,765.0,16.351947784423828,48,81.39976501464844,3.4689891,2,"{'max_depth': 10, 'tournament_size': 2, 'prob_const': 0.7, 'slim_version': 'SLIM*ABS'}"
SLIM*ABS,f3ad8fd5-365f-11f0-89a1-d88083763c00,SLIM-GSGP_sustavianfeed,52,227,14.414572715759276,0.0098853111267089,825.0,16.351947784423828,48,101.81341552734376,3.9879875,2,"{'max_depth': 10, 'tournament_size': 2, 'prob_const': 0.7, 'slim_version': 'SLIM*ABS'}"
SLIM*ABS,f3ad8fd5-365f-11f0-89a1-d88083763c00,SLIM-GSGP_sustavianfeed,52,228,14.414572715759276,0.0113177299499511,960.0,16.351947784423828,48,89.68789672851562,4.8040333,2,"{'max_depth': 10, 'tournament_size': 2, 'prob_const': 0.7, 'slim_version': 'SLIM*ABS'}"
SLIM*ABS,f3ad8fd5-365f-11f0-89a1-d88083763c00,SLIM-GSGP_sustavianfeed,52,229,14.414572715759276,0.0076582431793212,885.0,16.351947784423828,48,86.31746673583984,4.3100214,2,"{'max_depth': 10, 'tournament_size': 2, 'prob_const': 0.7, 'slim_version': 'SLIM*ABS'}"
SLIM*ABS,f3ad8fd5-365f-11f0-89a1-d88083763c00,SLIM-GSGP_sustavianfeed,52,230,14.414572715759276,0.0100126266479492,960.0,16.351947784423828,48,109.599365234375,4.6599097,2,"{'max_depth': 10, 'tournament_size': 2, 'prob_const': 0.7, 'slim_version': 'SLIM*ABS'}"
SLIM*ABS,f3ad8fd5-365f-11f0-89a1-d88083763c00,SLIM-GSGP_sustavianfeed,52,231,14.414572715759276,0.0088887214660644,960.0,16.351947784423828,48,89.35769653320312,4.0861206,2,"{'max_depth': 10, 'tournament_size': 2, 'prob_const': 0.7, 'slim_version': 'SLIM*ABS'}"
SLIM*ABS,f3ad8fd5-365f-11f0-89a1-d88083763c00,SLIM-GSGP_sustavianfeed,52,232,14.414572715759276,0.0078904628753662,885.0,16.351947784423828,48,85.50875091552734,3.77174,2,"{'max_depth': 10, 'tournament_size': 2, 'prob_const': 0.7, 'slim_version': 'SLIM*ABS'}"
SLIM*ABS,f3ad8fd5-365f-11f0-89a1-d88083763c00,SLIM-GSGP_sustavianfeed,52,233,14.414572715759276,0.0097913742065429,840.0,16.351947784423828,48,87.89530181884766,4.3293743,2,"{'max_depth': 10, 'tournament_size': 2, 'prob_const': 0.7, 'slim_version': 'SLIM*ABS'}"
SLIM*ABS,f3ad8fd5-365f-11f0-89a1-d88083763c00,SLIM-GSGP_sustavianfeed,52,234,14.414572715759276,0.008655309677124,735.0,16.351947784423828,48,87.1491470336914,4.4774623,2,"{'max_depth': 10, 'tournament_size': 2, 'prob_const': 0.7, 'slim_version': 'SLIM*ABS'}"
SLIM*ABS,f3ad8fd5-365f-11f0-89a1-d88083763c00,SLIM-GSGP_sustavianfeed,52,235,14.414572715759276,0.0067365169525146,630.0,16.351947784423828,48,79.71514129638672,3.3798456,2,"{'max_depth': 10, 'tournament_size': 2, 'prob_const': 0.7, 'slim_version': 'SLIM*ABS'}"
SLIM*ABS,f3ad8fd5-365f-11f0-89a1-d88083763c00,SLIM-GSGP_sustavianfeed,52,236,14.414572715759276,0.0101377964019775,720.0,16.351947784423828,48,76.91451263427734,3.2155392,2,"{'max_depth': 10, 'tournament_size': 2, 'prob_const': 0.7, 'slim_version': 'SLIM*ABS'}"
SLIM*ABS,f3ad8fd5-365f-11f0-89a1-d88083763c00,SLIM-GSGP_sustavianfeed,52,237,14.414572715759276,0.009101390838623,735.0,16.351947784423828,48,72.21920013427734,3.3740973,2,"{'max_depth': 10, 'tournament_size': 2, 'prob_const': 0.7, 'slim_version': 'SLIM*ABS'}"
SLIM*ABS,f3ad8fd5-365f-11f0-89a1-d88083763c00,SLIM-GSGP_sustavianfeed,52,238,14.414572715759276,0.0103635787963867,780.0,16.351947784423828,48,81.52120208740234,3.4872203,2,"{'max_depth': 10, 'tournament_size': 2, 'prob_const': 0.7, 'slim_version': 'SLIM*ABS'}"
SLIM*ABS,f3ad8fd5-365f-11f0-89a1-d88083763c00,SLIM-GSGP_sustavianfeed,52,239,14.414572715759276,0.009286880493164,825.0,16.351947784423828,48,72.29456329345703,2.9750504,2,"{'max_depth': 10, 'tournament_size': 2, 'prob_const': 0.7, 'slim_version': 'SLIM*ABS'}"
SLIM*ABS,f3ad8fd5-365f-11f0-89a1-d88083763c00,SLIM-GSGP_sustavianfeed,52,240,14.414572715759276,0.0092887878417968,885.0,16.351947784423828,48,92.36309051513672,5.3373737,2,"{'max_depth': 10, 'tournament_size': 2, 'prob_const': 0.7, 'slim_version': 'SLIM*ABS'}"
SLIM*ABS,f3ad8fd5-365f-11f0-89a1-d88083763c00,SLIM-GSGP_sustavianfeed,52,241,14.414572715759276,0.010103702545166,1005.0,16.351947784423828,48,110.0656509399414,6.4910364,2,"{'max_depth': 10, 'tournament_size': 2, 'prob_const': 0.7, 'slim_version': 'SLIM*ABS'}"
SLIM*ABS,f3ad8fd5-365f-11f0-89a1-d88083763c00,SLIM-GSGP_sustavianfeed,52,242,14.414572715759276,0.0073013305664062,1005.0,16.351947784423828,48,87.451904296875,3.6628857,2,"{'max_depth': 10, 'tournament_size': 2, 'prob_const': 0.7, 'slim_version': 'SLIM*ABS'}"
SLIM*ABS,f3ad8fd5-365f-11f0-89a1-d88083763c00,SLIM-GSGP_sustavianfeed,52,243,14.414572715759276,0.008085012435913,1005.0,16.351947784423828,48,98.92513275146484,5.0958724,2,"{'max_depth': 10, 'tournament_size': 2, 'prob_const': 0.7, 'slim_version': 'SLIM*ABS'}"
SLIM*ABS,f3ad8fd5-365f-11f0-89a1-d88083763c00,SLIM-GSGP_sustavianfeed,52,244,14.414572715759276,0.0105605125427246,1245.0,16.351947784423828,48,138.00067138671875,6.805663,2,"{'max_depth': 10, 'tournament_size': 2, 'prob_const': 0.7, 'slim_version': 'SLIM*ABS'}"
SLIM*ABS,f3ad8fd5-365f-11f0-89a1-d88083763c00,SLIM-GSGP_sustavianfeed,52,245,14.414572715759276,0.0089459419250488,1200.0,16.351947784423828,48,113.64871215820312,4.7655454,2,"{'max_depth': 10, 'tournament_size': 2, 'prob_const': 0.7, 'slim_version': 'SLIM*ABS'}"
SLIM*ABS,f3ad8fd5-365f-11f0-89a1-d88083763c00,SLIM-GSGP_sustavianfeed,52,246,14.414572715759276,0.0088875293731689,1110.0,16.351947784423828,48,104.67911529541016,3.8949878,2,"{'max_depth': 10, 'tournament_size': 2, 'prob_const': 0.7, 'slim_version': 'SLIM*ABS'}"
SLIM*ABS,f3ad8fd5-365f-11f0-89a1-d88083763c00,SLIM-GSGP_sustavianfeed,52,247,14.414572715759276,0.0071573257446289,870.0,16.351947784423828,48,87.3807601928711,3.2999902,2,"{'max_depth': 10, 'tournament_size': 2, 'prob_const': 0.7, 'slim_version': 'SLIM*ABS'}"
SLIM*ABS,f3ad8fd5-365f-11f0-89a1-d88083763c00,SLIM-GSGP_sustavianfeed,52,248,14.414572715759276,0.009918212890625,1005.0,16.351947784423828,48,104.10096740722656,5.450908,2,"{'max_depth': 10, 'tournament_size': 2, 'prob_const': 0.7, 'slim_version': 'SLIM*ABS'}"
SLIM*ABS,f3ad8fd5-365f-11f0-89a1-d88083763c00,SLIM-GSGP_sustavianfeed,52,249,14.414572715759276,0.0112543106079101,795.0,16.351947784423828,48,92.09911346435548,5.402843,2,"{'max_depth': 10, 'tournament_size': 2, 'prob_const': 0.7, 'slim_version': 'SLIM*ABS'}"
SLIM*ABS,f3ad8fd5-365f-11f0-89a1-d88083763c00,SLIM-GSGP_sustavianfeed,52,250,14.414572715759276,0.0081088542938232,795.0,16.351947784423828,48,92.11421966552734,4.8567033,2,"{'max_depth': 10, 'tournament_size': 2, 'prob_const': 0.7, 'slim_version': 'SLIM*ABS'}"
