NEAT,1,2,52,1,-79.9787,0.0435290336608886,7,-81.330315,9,10,11,12,"{'activation_default': 'relu', 'activation_mutate_rate': 0.2, 'bias_mutate_rate': 0.6, 'conn_add_prob': 0.6, 'conn_delete_prob': 0.2, 'weight_mutate_rate': 0.7, 'node_add_prob': 0.05, 'node_delete_prob': 0.05, 'response_mutate_rate': 0.7}"
NEAT,1,2,52,2,-69.557724,0.0351269245147705,7,-68.69747,9,10,11,12,"{'activation_default': 'relu', 'activation_mutate_rate': 0.2, 'bias_mutate_rate': 0.6, 'conn_add_prob': 0.6, 'conn_delete_prob': 0.2, 'weight_mutate_rate': 0.7, 'node_add_prob': 0.05, 'node_delete_prob': 0.05, 'response_mutate_rate': 0.7}"
NEAT,1,2,52,3,-64.48504,0.077117919921875,7,-75.30188,9,10,11,12,"{'activation_default': 'relu', 'activation_mutate_rate': 0.2, 'bias_mutate_rate': 0.6, 'conn_add_prob': 0.6, 'conn_delete_prob': 0.2, 'weight_mutate_rate': 0.7, 'node_add_prob': 0.05, 'node_delete_prob': 0.05, 'response_mutate_rate': 0.7}"
NEAT,1,2,52,4,-62.31005,0.0365839004516601,7,-71.9554,9,10,11,12,"{'activation_default': 'relu', 'activation_mutate_rate': 0.2, 'bias_mutate_rate': 0.6, 'conn_add_prob': 0.6, 'conn_delete_prob': 0.2, 'weight_mutate_rate': 0.7, 'node_add_prob': 0.05, 'node_delete_prob': 0.05, 'response_mutate_rate': 0.7}"
NEAT,1,2,52,5,-60.27083,0.0349769592285156,7,-58.944103,9,10,11,12,"{'activation_default': 'relu', 'activation_mutate_rate': 0.2, 'bias_mutate_rate': 0.6, 'conn_add_prob': 0.6, 'conn_delete_prob': 0.2, 'weight_mutate_rate': 0.7, 'node_add_prob': 0.05, 'node_delete_prob': 0.05, 'response_mutate_rate': 0.7}"
NEAT,1,2,52,6,-59.233112,0.0355758666992187,7,-70.73949,9,10,11,12,"{'activation_default': 'relu', 'activation_mutate_rate': 0.2, 'bias_mutate_rate': 0.6, 'conn_add_prob': 0.6, 'conn_delete_prob': 0.2, 'weight_mutate_rate': 0.7, 'node_add_prob': 0.05, 'node_delete_prob': 0.05, 'response_mutate_rate': 0.7}"
NEAT,1,2,52,7,-48.531475,0.0386319160461425,7,-46.31937,9,10,11,12,"{'activation_default': 'relu', 'activation_mutate_rate': 0.2, 'bias_mutate_rate': 0.6, 'conn_add_prob': 0.6, 'conn_delete_prob': 0.2, 'weight_mutate_rate': 0.7, 'node_add_prob': 0.05, 'node_delete_prob': 0.05, 'response_mutate_rate': 0.7}"
NEAT,1,2,52,8,-48.531475,0.1093389987945556,7,-46.31937,9,10,11,12,"{'activation_default': 'relu', 'activation_mutate_rate': 0.2, 'bias_mutate_rate': 0.6, 'conn_add_prob': 0.6, 'conn_delete_prob': 0.2, 'weight_mutate_rate': 0.7, 'node_add_prob': 0.05, 'node_delete_prob': 0.05, 'response_mutate_rate': 0.7}"
NEAT,1,2,52,9,-48.531475,0.0446400642395019,7,-46.31937,9,10,11,12,"{'activation_default': 'relu', 'activation_mutate_rate': 0.2, 'bias_mutate_rate': 0.6, 'conn_add_prob': 0.6, 'conn_delete_prob': 0.2, 'weight_mutate_rate': 0.7, 'node_add_prob': 0.05, 'node_delete_prob': 0.05, 'response_mutate_rate': 0.7}"
NEAT,1,2,52,10,-48.531475,0.0442578792572021,7,-46.31937,9,10,11,12,"{'activation_default': 'relu', 'activation_mutate_rate': 0.2, 'bias_mutate_rate': 0.6, 'conn_add_prob': 0.6, 'conn_delete_prob': 0.2, 'weight_mutate_rate': 0.7, 'node_add_prob': 0.05, 'node_delete_prob': 0.05, 'response_mutate_rate': 0.7}"
NEAT,1,2,52,11,-44.443737,0.1048109531402587,7,-53.48118,9,10,11,12,"{'activation_default': 'relu', 'activation_mutate_rate': 0.2, 'bias_mutate_rate': 0.6, 'conn_add_prob': 0.6, 'conn_delete_prob': 0.2, 'weight_mutate_rate': 0.7, 'node_add_prob': 0.05, 'node_delete_prob': 0.05, 'response_mutate_rate': 0.7}"
NEAT,1,2,52,12,-44.443737,0.0392639636993408,7,-53.48118,9,10,11,12,"{'activation_default': 'relu', 'activation_mutate_rate': 0.2, 'bias_mutate_rate': 0.6, 'conn_add_prob': 0.6, 'conn_delete_prob': 0.2, 'weight_mutate_rate': 0.7, 'node_add_prob': 0.05, 'node_delete_prob': 0.05, 'response_mutate_rate': 0.7}"
NEAT,1,2,52,13,-36.426434,0.0402641296386718,7,-30.544376,9,10,11,12,"{'activation_default': 'relu', 'activation_mutate_rate': 0.2, 'bias_mutate_rate': 0.6, 'conn_add_prob': 0.6, 'conn_delete_prob': 0.2, 'weight_mutate_rate': 0.7, 'node_add_prob': 0.05, 'node_delete_prob': 0.05, 'response_mutate_rate': 0.7}"
NEAT,1,2,52,14,-36.426434,0.0412328243255615,7,-30.544376,9,10,11,12,"{'activation_default': 'relu', 'activation_mutate_rate': 0.2, 'bias_mutate_rate': 0.6, 'conn_add_prob': 0.6, 'conn_delete_prob': 0.2, 'weight_mutate_rate': 0.7, 'node_add_prob': 0.05, 'node_delete_prob': 0.05, 'response_mutate_rate': 0.7}"
NEAT,1,2,52,15,-36.426434,0.0875070095062255,7,-30.544376,9,10,11,12,"{'activation_default': 'relu', 'activation_mutate_rate': 0.2, 'bias_mutate_rate': 0.6, 'conn_add_prob': 0.6, 'conn_delete_prob': 0.2, 'weight_mutate_rate': 0.7, 'node_add_prob': 0.05, 'node_delete_prob': 0.05, 'response_mutate_rate': 0.7}"
NEAT,1,2,52,16,-36.426434,0.0514039993286132,7,-30.544376,9,10,11,12,"{'activation_default': 'relu', 'activation_mutate_rate': 0.2, 'bias_mutate_rate': 0.6, 'conn_add_prob': 0.6, 'conn_delete_prob': 0.2, 'weight_mutate_rate': 0.7, 'node_add_prob': 0.05, 'node_delete_prob': 0.05, 'response_mutate_rate': 0.7}"
NEAT,1,2,52,17,-36.426434,0.0392508506774902,7,-30.544376,9,10,11,12,"{'activation_default': 'relu', 'activation_mutate_rate': 0.2, 'bias_mutate_rate': 0.6, 'conn_add_prob': 0.6, 'conn_delete_prob': 0.2, 'weight_mutate_rate': 0.7, 'node_add_prob': 0.05, 'node_delete_prob': 0.05, 'response_mutate_rate': 0.7}"
NEAT,1,2,52,18,-36.426434,0.093696117401123,7,-30.544376,9,10,11,12,"{'activation_default': 'relu', 'activation_mutate_rate': 0.2, 'bias_mutate_rate': 0.6, 'conn_add_prob': 0.6, 'conn_delete_prob': 0.2, 'weight_mutate_rate': 0.7, 'node_add_prob': 0.05, 'node_delete_prob': 0.05, 'response_mutate_rate': 0.7}"
NEAT,1,2,52,19,-28.687588,0.0392451286315918,7,-28.480915,9,10,11,12,"{'activation_default': 'relu', 'activation_mutate_rate': 0.2, 'bias_mutate_rate': 0.6, 'conn_add_prob': 0.6, 'conn_delete_prob': 0.2, 'weight_mutate_rate': 0.7, 'node_add_prob': 0.05, 'node_delete_prob': 0.05, 'response_mutate_rate': 0.7}"
NEAT,1,2,52,20,-20.305105,0.0412280559539794,7,-15.512751,9,10,11,12,"{'activation_default': 'relu', 'activation_mutate_rate': 0.2, 'bias_mutate_rate': 0.6, 'conn_add_prob': 0.6, 'conn_delete_prob': 0.2, 'weight_mutate_rate': 0.7, 'node_add_prob': 0.05, 'node_delete_prob': 0.05, 'response_mutate_rate': 0.7}"
NEAT,1,2,52,21,-17.283436,0.0412359237670898,7,-18.92029,9,10,11,12,"{'activation_default': 'relu', 'activation_mutate_rate': 0.2, 'bias_mutate_rate': 0.6, 'conn_add_prob': 0.6, 'conn_delete_prob': 0.2, 'weight_mutate_rate': 0.7, 'node_add_prob': 0.05, 'node_delete_prob': 0.05, 'response_mutate_rate': 0.7}"
NEAT,1,2,52,22,-17.283436,0.0410549640655517,7,-18.92029,9,10,11,12,"{'activation_default': 'relu', 'activation_mutate_rate': 0.2, 'bias_mutate_rate': 0.6, 'conn_add_prob': 0.6, 'conn_delete_prob': 0.2, 'weight_mutate_rate': 0.7, 'node_add_prob': 0.05, 'node_delete_prob': 0.05, 'response_mutate_rate': 0.7}"
NEAT,1,2,52,23,-17.283436,0.0640890598297119,7,-18.92029,9,10,11,12,"{'activation_default': 'relu', 'activation_mutate_rate': 0.2, 'bias_mutate_rate': 0.6, 'conn_add_prob': 0.6, 'conn_delete_prob': 0.2, 'weight_mutate_rate': 0.7, 'node_add_prob': 0.05, 'node_delete_prob': 0.05, 'response_mutate_rate': 0.7}"
NEAT,1,2,52,24,-13.794004,0.0520591735839843,7,-18.982914,9,10,11,12,"{'activation_default': 'relu', 'activation_mutate_rate': 0.2, 'bias_mutate_rate': 0.6, 'conn_add_prob': 0.6, 'conn_delete_prob': 0.2, 'weight_mutate_rate': 0.7, 'node_add_prob': 0.05, 'node_delete_prob': 0.05, 'response_mutate_rate': 0.7}"
NEAT,1,2,52,25,-11.502245,0.043658971786499,7,-9.303536,9,10,11,12,"{'activation_default': 'relu', 'activation_mutate_rate': 0.2, 'bias_mutate_rate': 0.6, 'conn_add_prob': 0.6, 'conn_delete_prob': 0.2, 'weight_mutate_rate': 0.7, 'node_add_prob': 0.05, 'node_delete_prob': 0.05, 'response_mutate_rate': 0.7}"
NEAT,1,2,52,26,-11.502245,0.0969679355621337,7,-9.303536,9,10,11,12,"{'activation_default': 'relu', 'activation_mutate_rate': 0.2, 'bias_mutate_rate': 0.6, 'conn_add_prob': 0.6, 'conn_delete_prob': 0.2, 'weight_mutate_rate': 0.7, 'node_add_prob': 0.05, 'node_delete_prob': 0.05, 'response_mutate_rate': 0.7}"
NEAT,1,2,52,27,-11.502245,0.0432260036468505,7,-9.303536,9,10,11,12,"{'activation_default': 'relu', 'activation_mutate_rate': 0.2, 'bias_mutate_rate': 0.6, 'conn_add_prob': 0.6, 'conn_delete_prob': 0.2, 'weight_mutate_rate': 0.7, 'node_add_prob': 0.05, 'node_delete_prob': 0.05, 'response_mutate_rate': 0.7}"
NEAT,1,2,52,28,-11.502245,0.0421721935272216,7,-9.303536,9,10,11,12,"{'activation_default': 'relu', 'activation_mutate_rate': 0.2, 'bias_mutate_rate': 0.6, 'conn_add_prob': 0.6, 'conn_delete_prob': 0.2, 'weight_mutate_rate': 0.7, 'node_add_prob': 0.05, 'node_delete_prob': 0.05, 'response_mutate_rate': 0.7}"
NEAT,1,2,52,29,-11.502245,0.0423181056976318,7,-9.303536,9,10,11,12,"{'activation_default': 'relu', 'activation_mutate_rate': 0.2, 'bias_mutate_rate': 0.6, 'conn_add_prob': 0.6, 'conn_delete_prob': 0.2, 'weight_mutate_rate': 0.7, 'node_add_prob': 0.05, 'node_delete_prob': 0.05, 'response_mutate_rate': 0.7}"
NEAT,1,2,52,30,-11.502245,0.0427188873291015,7,-9.303536,9,10,11,12,"{'activation_default': 'relu', 'activation_mutate_rate': 0.2, 'bias_mutate_rate': 0.6, 'conn_add_prob': 0.6, 'conn_delete_prob': 0.2, 'weight_mutate_rate': 0.7, 'node_add_prob': 0.05, 'node_delete_prob': 0.05, 'response_mutate_rate': 0.7}"
NEAT,1,2,52,31,-11.502245,0.0458979606628418,7,-9.303536,9,10,11,12,"{'activation_default': 'relu', 'activation_mutate_rate': 0.2, 'bias_mutate_rate': 0.6, 'conn_add_prob': 0.6, 'conn_delete_prob': 0.2, 'weight_mutate_rate': 0.7, 'node_add_prob': 0.05, 'node_delete_prob': 0.05, 'response_mutate_rate': 0.7}"
NEAT,1,2,52,32,-10.707557,0.0507168769836425,7,-13.513769,9,10,11,12,"{'activation_default': 'relu', 'activation_mutate_rate': 0.2, 'bias_mutate_rate': 0.6, 'conn_add_prob': 0.6, 'conn_delete_prob': 0.2, 'weight_mutate_rate': 0.7, 'node_add_prob': 0.05, 'node_delete_prob': 0.05, 'response_mutate_rate': 0.7}"
NEAT,1,2,52,33,-10.707557,0.0416531562805175,7,-13.513769,9,10,11,12,"{'activation_default': 'relu', 'activation_mutate_rate': 0.2, 'bias_mutate_rate': 0.6, 'conn_add_prob': 0.6, 'conn_delete_prob': 0.2, 'weight_mutate_rate': 0.7, 'node_add_prob': 0.05, 'node_delete_prob': 0.05, 'response_mutate_rate': 0.7}"
NEAT,1,2,52,34,-9.768668,0.0418407917022705,7,-6.7248344,9,10,11,12,"{'activation_default': 'relu', 'activation_mutate_rate': 0.2, 'bias_mutate_rate': 0.6, 'conn_add_prob': 0.6, 'conn_delete_prob': 0.2, 'weight_mutate_rate': 0.7, 'node_add_prob': 0.05, 'node_delete_prob': 0.05, 'response_mutate_rate': 0.7}"
NEAT,1,2,52,35,-9.768668,0.0420911312103271,7,-6.7248344,9,10,11,12,"{'activation_default': 'relu', 'activation_mutate_rate': 0.2, 'bias_mutate_rate': 0.6, 'conn_add_prob': 0.6, 'conn_delete_prob': 0.2, 'weight_mutate_rate': 0.7, 'node_add_prob': 0.05, 'node_delete_prob': 0.05, 'response_mutate_rate': 0.7}"
NEAT,1,2,52,36,-9.768668,0.0436599254608154,7,-6.7248344,9,10,11,12,"{'activation_default': 'relu', 'activation_mutate_rate': 0.2, 'bias_mutate_rate': 0.6, 'conn_add_prob': 0.6, 'conn_delete_prob': 0.2, 'weight_mutate_rate': 0.7, 'node_add_prob': 0.05, 'node_delete_prob': 0.05, 'response_mutate_rate': 0.7}"
NEAT,1,2,52,37,-9.768668,0.0432491302490234,7,-6.7248344,9,10,11,12,"{'activation_default': 'relu', 'activation_mutate_rate': 0.2, 'bias_mutate_rate': 0.6, 'conn_add_prob': 0.6, 'conn_delete_prob': 0.2, 'weight_mutate_rate': 0.7, 'node_add_prob': 0.05, 'node_delete_prob': 0.05, 'response_mutate_rate': 0.7}"
NEAT,1,2,52,38,-9.768668,0.1163179874420166,7,-6.7248344,9,10,11,12,"{'activation_default': 'relu', 'activation_mutate_rate': 0.2, 'bias_mutate_rate': 0.6, 'conn_add_prob': 0.6, 'conn_delete_prob': 0.2, 'weight_mutate_rate': 0.7, 'node_add_prob': 0.05, 'node_delete_prob': 0.05, 'response_mutate_rate': 0.7}"
NEAT,1,2,52,39,-9.768668,0.0513818264007568,7,-6.7248344,9,10,11,12,"{'activation_default': 'relu', 'activation_mutate_rate': 0.2, 'bias_mutate_rate': 0.6, 'conn_add_prob': 0.6, 'conn_delete_prob': 0.2, 'weight_mutate_rate': 0.7, 'node_add_prob': 0.05, 'node_delete_prob': 0.05, 'response_mutate_rate': 0.7}"
NEAT,1,2,52,40,-7.353129,0.042435884475708,7,-8.167679,9,10,11,12,"{'activation_default': 'relu', 'activation_mutate_rate': 0.2, 'bias_mutate_rate': 0.6, 'conn_add_prob': 0.6, 'conn_delete_prob': 0.2, 'weight_mutate_rate': 0.7, 'node_add_prob': 0.05, 'node_delete_prob': 0.05, 'response_mutate_rate': 0.7}"
NEAT,1,2,52,41,-7.353129,0.0532898902893066,7,-8.167679,9,10,11,12,"{'activation_default': 'relu', 'activation_mutate_rate': 0.2, 'bias_mutate_rate': 0.6, 'conn_add_prob': 0.6, 'conn_delete_prob': 0.2, 'weight_mutate_rate': 0.7, 'node_add_prob': 0.05, 'node_delete_prob': 0.05, 'response_mutate_rate': 0.7}"
NEAT,1,2,52,42,-7.353129,0.0423109531402587,7,-8.167679,9,10,11,12,"{'activation_default': 'relu', 'activation_mutate_rate': 0.2, 'bias_mutate_rate': 0.6, 'conn_add_prob': 0.6, 'conn_delete_prob': 0.2, 'weight_mutate_rate': 0.7, 'node_add_prob': 0.05, 'node_delete_prob': 0.05, 'response_mutate_rate': 0.7}"
NEAT,1,2,52,43,-7.353129,0.0407180786132812,7,-8.167679,9,10,11,12,"{'activation_default': 'relu', 'activation_mutate_rate': 0.2, 'bias_mutate_rate': 0.6, 'conn_add_prob': 0.6, 'conn_delete_prob': 0.2, 'weight_mutate_rate': 0.7, 'node_add_prob': 0.05, 'node_delete_prob': 0.05, 'response_mutate_rate': 0.7}"
NEAT,1,2,52,44,-6.8971386,0.0416648387908935,7,-8.249843,9,10,11,12,"{'activation_default': 'relu', 'activation_mutate_rate': 0.2, 'bias_mutate_rate': 0.6, 'conn_add_prob': 0.6, 'conn_delete_prob': 0.2, 'weight_mutate_rate': 0.7, 'node_add_prob': 0.05, 'node_delete_prob': 0.05, 'response_mutate_rate': 0.7}"
NEAT,1,2,52,45,-6.8971386,0.0404438972473144,7,-8.249843,9,10,11,12,"{'activation_default': 'relu', 'activation_mutate_rate': 0.2, 'bias_mutate_rate': 0.6, 'conn_add_prob': 0.6, 'conn_delete_prob': 0.2, 'weight_mutate_rate': 0.7, 'node_add_prob': 0.05, 'node_delete_prob': 0.05, 'response_mutate_rate': 0.7}"
NEAT,1,2,52,46,-6.8971386,0.1086719036102294,7,-8.249843,9,10,11,12,"{'activation_default': 'relu', 'activation_mutate_rate': 0.2, 'bias_mutate_rate': 0.6, 'conn_add_prob': 0.6, 'conn_delete_prob': 0.2, 'weight_mutate_rate': 0.7, 'node_add_prob': 0.05, 'node_delete_prob': 0.05, 'response_mutate_rate': 0.7}"
NEAT,1,2,52,47,-6.042765,0.042694091796875,7,-6.9974794,9,10,11,12,"{'activation_default': 'relu', 'activation_mutate_rate': 0.2, 'bias_mutate_rate': 0.6, 'conn_add_prob': 0.6, 'conn_delete_prob': 0.2, 'weight_mutate_rate': 0.7, 'node_add_prob': 0.05, 'node_delete_prob': 0.05, 'response_mutate_rate': 0.7}"
NEAT,1,2,52,48,-6.042765,0.0485701560974121,7,-6.9974794,9,10,11,12,"{'activation_default': 'relu', 'activation_mutate_rate': 0.2, 'bias_mutate_rate': 0.6, 'conn_add_prob': 0.6, 'conn_delete_prob': 0.2, 'weight_mutate_rate': 0.7, 'node_add_prob': 0.05, 'node_delete_prob': 0.05, 'response_mutate_rate': 0.7}"
NEAT,1,2,52,49,-6.042765,0.0400521755218505,7,-6.9974794,9,10,11,12,"{'activation_default': 'relu', 'activation_mutate_rate': 0.2, 'bias_mutate_rate': 0.6, 'conn_add_prob': 0.6, 'conn_delete_prob': 0.2, 'weight_mutate_rate': 0.7, 'node_add_prob': 0.05, 'node_delete_prob': 0.05, 'response_mutate_rate': 0.7}"
NEAT,1,2,52,50,-6.042765,0.1004159450531005,7,-6.9974794,9,10,11,12,"{'activation_default': 'relu', 'activation_mutate_rate': 0.2, 'bias_mutate_rate': 0.6, 'conn_add_prob': 0.6, 'conn_delete_prob': 0.2, 'weight_mutate_rate': 0.7, 'node_add_prob': 0.05, 'node_delete_prob': 0.05, 'response_mutate_rate': 0.7}"
NEAT,1,2,52,51,-6.042765,0.0404789447784423,7,-6.9974794,9,10,11,12,"{'activation_default': 'relu', 'activation_mutate_rate': 0.2, 'bias_mutate_rate': 0.6, 'conn_add_prob': 0.6, 'conn_delete_prob': 0.2, 'weight_mutate_rate': 0.7, 'node_add_prob': 0.05, 'node_delete_prob': 0.05, 'response_mutate_rate': 0.7}"
NEAT,1,2,52,52,-6.042765,0.0405209064483642,7,-6.9974794,9,10,11,12,"{'activation_default': 'relu', 'activation_mutate_rate': 0.2, 'bias_mutate_rate': 0.6, 'conn_add_prob': 0.6, 'conn_delete_prob': 0.2, 'weight_mutate_rate': 0.7, 'node_add_prob': 0.05, 'node_delete_prob': 0.05, 'response_mutate_rate': 0.7}"
NEAT,1,2,52,53,-6.042765,0.0411293506622314,7,-6.9974794,9,10,11,12,"{'activation_default': 'relu', 'activation_mutate_rate': 0.2, 'bias_mutate_rate': 0.6, 'conn_add_prob': 0.6, 'conn_delete_prob': 0.2, 'weight_mutate_rate': 0.7, 'node_add_prob': 0.05, 'node_delete_prob': 0.05, 'response_mutate_rate': 0.7}"
NEAT,1,2,52,54,-6.042765,0.107396125793457,7,-6.9974794,9,10,11,12,"{'activation_default': 'relu', 'activation_mutate_rate': 0.2, 'bias_mutate_rate': 0.6, 'conn_add_prob': 0.6, 'conn_delete_prob': 0.2, 'weight_mutate_rate': 0.7, 'node_add_prob': 0.05, 'node_delete_prob': 0.05, 'response_mutate_rate': 0.7}"
NEAT,1,2,52,55,-6.042765,0.0441398620605468,7,-6.9974794,9,10,11,12,"{'activation_default': 'relu', 'activation_mutate_rate': 0.2, 'bias_mutate_rate': 0.6, 'conn_add_prob': 0.6, 'conn_delete_prob': 0.2, 'weight_mutate_rate': 0.7, 'node_add_prob': 0.05, 'node_delete_prob': 0.05, 'response_mutate_rate': 0.7}"
NEAT,1,2,52,56,-6.042765,0.0466189384460449,7,-6.9974794,9,10,11,12,"{'activation_default': 'relu', 'activation_mutate_rate': 0.2, 'bias_mutate_rate': 0.6, 'conn_add_prob': 0.6, 'conn_delete_prob': 0.2, 'weight_mutate_rate': 0.7, 'node_add_prob': 0.05, 'node_delete_prob': 0.05, 'response_mutate_rate': 0.7}"
NEAT,1,2,52,57,-5.4167466,0.0406439304351806,7,-8.942514,9,10,11,12,"{'activation_default': 'relu', 'activation_mutate_rate': 0.2, 'bias_mutate_rate': 0.6, 'conn_add_prob': 0.6, 'conn_delete_prob': 0.2, 'weight_mutate_rate': 0.7, 'node_add_prob': 0.05, 'node_delete_prob': 0.05, 'response_mutate_rate': 0.7}"
NEAT,1,2,52,58,-5.4167466,0.0682330131530761,7,-8.942514,9,10,11,12,"{'activation_default': 'relu', 'activation_mutate_rate': 0.2, 'bias_mutate_rate': 0.6, 'conn_add_prob': 0.6, 'conn_delete_prob': 0.2, 'weight_mutate_rate': 0.7, 'node_add_prob': 0.05, 'node_delete_prob': 0.05, 'response_mutate_rate': 0.7}"
NEAT,1,2,52,59,-5.4167466,0.0397989749908447,7,-8.942514,9,10,11,12,"{'activation_default': 'relu', 'activation_mutate_rate': 0.2, 'bias_mutate_rate': 0.6, 'conn_add_prob': 0.6, 'conn_delete_prob': 0.2, 'weight_mutate_rate': 0.7, 'node_add_prob': 0.05, 'node_delete_prob': 0.05, 'response_mutate_rate': 0.7}"
NEAT,1,2,52,60,-5.4167466,0.0390300750732421,7,-8.942514,9,10,11,12,"{'activation_default': 'relu', 'activation_mutate_rate': 0.2, 'bias_mutate_rate': 0.6, 'conn_add_prob': 0.6, 'conn_delete_prob': 0.2, 'weight_mutate_rate': 0.7, 'node_add_prob': 0.05, 'node_delete_prob': 0.05, 'response_mutate_rate': 0.7}"
NEAT,1,2,52,61,-5.4167466,0.039093017578125,7,-8.942514,9,10,11,12,"{'activation_default': 'relu', 'activation_mutate_rate': 0.2, 'bias_mutate_rate': 0.6, 'conn_add_prob': 0.6, 'conn_delete_prob': 0.2, 'weight_mutate_rate': 0.7, 'node_add_prob': 0.05, 'node_delete_prob': 0.05, 'response_mutate_rate': 0.7}"
NEAT,1,2,52,62,-5.4167466,0.0972218513488769,7,-8.942514,9,10,11,12,"{'activation_default': 'relu', 'activation_mutate_rate': 0.2, 'bias_mutate_rate': 0.6, 'conn_add_prob': 0.6, 'conn_delete_prob': 0.2, 'weight_mutate_rate': 0.7, 'node_add_prob': 0.05, 'node_delete_prob': 0.05, 'response_mutate_rate': 0.7}"
NEAT,1,2,52,63,-5.029432,0.0477612018585205,7,-6.251729,9,10,11,12,"{'activation_default': 'relu', 'activation_mutate_rate': 0.2, 'bias_mutate_rate': 0.6, 'conn_add_prob': 0.6, 'conn_delete_prob': 0.2, 'weight_mutate_rate': 0.7, 'node_add_prob': 0.05, 'node_delete_prob': 0.05, 'response_mutate_rate': 0.7}"
NEAT,1,2,52,64,-5.029432,0.0398108959197998,7,-6.251729,9,10,11,12,"{'activation_default': 'relu', 'activation_mutate_rate': 0.2, 'bias_mutate_rate': 0.6, 'conn_add_prob': 0.6, 'conn_delete_prob': 0.2, 'weight_mutate_rate': 0.7, 'node_add_prob': 0.05, 'node_delete_prob': 0.05, 'response_mutate_rate': 0.7}"
NEAT,1,2,52,65,-5.029432,0.0406949520111084,7,-6.251729,9,10,11,12,"{'activation_default': 'relu', 'activation_mutate_rate': 0.2, 'bias_mutate_rate': 0.6, 'conn_add_prob': 0.6, 'conn_delete_prob': 0.2, 'weight_mutate_rate': 0.7, 'node_add_prob': 0.05, 'node_delete_prob': 0.05, 'response_mutate_rate': 0.7}"
NEAT,1,2,52,66,-5.029432,0.1036417484283447,7,-6.251729,9,10,11,12,"{'activation_default': 'relu', 'activation_mutate_rate': 0.2, 'bias_mutate_rate': 0.6, 'conn_add_prob': 0.6, 'conn_delete_prob': 0.2, 'weight_mutate_rate': 0.7, 'node_add_prob': 0.05, 'node_delete_prob': 0.05, 'response_mutate_rate': 0.7}"
NEAT,1,2,52,67,-5.029432,0.0421888828277587,7,-6.251729,9,10,11,12,"{'activation_default': 'relu', 'activation_mutate_rate': 0.2, 'bias_mutate_rate': 0.6, 'conn_add_prob': 0.6, 'conn_delete_prob': 0.2, 'weight_mutate_rate': 0.7, 'node_add_prob': 0.05, 'node_delete_prob': 0.05, 'response_mutate_rate': 0.7}"
NEAT,1,2,52,68,-5.029432,0.0429620742797851,7,-6.251729,9,10,11,12,"{'activation_default': 'relu', 'activation_mutate_rate': 0.2, 'bias_mutate_rate': 0.6, 'conn_add_prob': 0.6, 'conn_delete_prob': 0.2, 'weight_mutate_rate': 0.7, 'node_add_prob': 0.05, 'node_delete_prob': 0.05, 'response_mutate_rate': 0.7}"
NEAT,1,2,52,69,-5.029432,0.0419270992279052,7,-6.251729,9,10,11,12,"{'activation_default': 'relu', 'activation_mutate_rate': 0.2, 'bias_mutate_rate': 0.6, 'conn_add_prob': 0.6, 'conn_delete_prob': 0.2, 'weight_mutate_rate': 0.7, 'node_add_prob': 0.05, 'node_delete_prob': 0.05, 'response_mutate_rate': 0.7}"
NEAT,1,2,52,70,-5.029432,0.0963599681854248,7,-6.251729,9,10,11,12,"{'activation_default': 'relu', 'activation_mutate_rate': 0.2, 'bias_mutate_rate': 0.6, 'conn_add_prob': 0.6, 'conn_delete_prob': 0.2, 'weight_mutate_rate': 0.7, 'node_add_prob': 0.05, 'node_delete_prob': 0.05, 'response_mutate_rate': 0.7}"
NEAT,1,2,52,71,-5.029432,0.0474638938903808,7,-6.251729,9,10,11,12,"{'activation_default': 'relu', 'activation_mutate_rate': 0.2, 'bias_mutate_rate': 0.6, 'conn_add_prob': 0.6, 'conn_delete_prob': 0.2, 'weight_mutate_rate': 0.7, 'node_add_prob': 0.05, 'node_delete_prob': 0.05, 'response_mutate_rate': 0.7}"
NEAT,1,2,52,72,-5.029432,0.0442321300506591,7,-6.251729,9,10,11,12,"{'activation_default': 'relu', 'activation_mutate_rate': 0.2, 'bias_mutate_rate': 0.6, 'conn_add_prob': 0.6, 'conn_delete_prob': 0.2, 'weight_mutate_rate': 0.7, 'node_add_prob': 0.05, 'node_delete_prob': 0.05, 'response_mutate_rate': 0.7}"
NEAT,1,2,52,73,-5.029432,0.0988030433654785,7,-6.251729,9,10,11,12,"{'activation_default': 'relu', 'activation_mutate_rate': 0.2, 'bias_mutate_rate': 0.6, 'conn_add_prob': 0.6, 'conn_delete_prob': 0.2, 'weight_mutate_rate': 0.7, 'node_add_prob': 0.05, 'node_delete_prob': 0.05, 'response_mutate_rate': 0.7}"
NEAT,1,2,52,74,-5.029432,0.0437979698181152,7,-6.251729,9,10,11,12,"{'activation_default': 'relu', 'activation_mutate_rate': 0.2, 'bias_mutate_rate': 0.6, 'conn_add_prob': 0.6, 'conn_delete_prob': 0.2, 'weight_mutate_rate': 0.7, 'node_add_prob': 0.05, 'node_delete_prob': 0.05, 'response_mutate_rate': 0.7}"
NEAT,1,2,52,75,-5.029432,0.043346881866455,7,-6.251729,9,10,11,12,"{'activation_default': 'relu', 'activation_mutate_rate': 0.2, 'bias_mutate_rate': 0.6, 'conn_add_prob': 0.6, 'conn_delete_prob': 0.2, 'weight_mutate_rate': 0.7, 'node_add_prob': 0.05, 'node_delete_prob': 0.05, 'response_mutate_rate': 0.7}"
NEAT,1,2,52,76,-5.029432,0.0436689853668212,7,-6.251729,9,10,11,12,"{'activation_default': 'relu', 'activation_mutate_rate': 0.2, 'bias_mutate_rate': 0.6, 'conn_add_prob': 0.6, 'conn_delete_prob': 0.2, 'weight_mutate_rate': 0.7, 'node_add_prob': 0.05, 'node_delete_prob': 0.05, 'response_mutate_rate': 0.7}"
NEAT,1,2,52,77,-5.029432,0.0995240211486816,7,-6.251729,9,10,11,12,"{'activation_default': 'relu', 'activation_mutate_rate': 0.2, 'bias_mutate_rate': 0.6, 'conn_add_prob': 0.6, 'conn_delete_prob': 0.2, 'weight_mutate_rate': 0.7, 'node_add_prob': 0.05, 'node_delete_prob': 0.05, 'response_mutate_rate': 0.7}"
NEAT,1,2,52,78,-4.7620378,0.0480711460113525,7,-5.251734,9,10,11,12,"{'activation_default': 'relu', 'activation_mutate_rate': 0.2, 'bias_mutate_rate': 0.6, 'conn_add_prob': 0.6, 'conn_delete_prob': 0.2, 'weight_mutate_rate': 0.7, 'node_add_prob': 0.05, 'node_delete_prob': 0.05, 'response_mutate_rate': 0.7}"
NEAT,1,2,52,79,-4.7620378,0.0548808574676513,7,-5.251734,9,10,11,12,"{'activation_default': 'relu', 'activation_mutate_rate': 0.2, 'bias_mutate_rate': 0.6, 'conn_add_prob': 0.6, 'conn_delete_prob': 0.2, 'weight_mutate_rate': 0.7, 'node_add_prob': 0.05, 'node_delete_prob': 0.05, 'response_mutate_rate': 0.7}"
NEAT,1,2,52,80,-4.7620378,0.0443458557128906,7,-5.251734,9,10,11,12,"{'activation_default': 'relu', 'activation_mutate_rate': 0.2, 'bias_mutate_rate': 0.6, 'conn_add_prob': 0.6, 'conn_delete_prob': 0.2, 'weight_mutate_rate': 0.7, 'node_add_prob': 0.05, 'node_delete_prob': 0.05, 'response_mutate_rate': 0.7}"
NEAT,1,2,52,81,-4.7620378,0.1046500205993652,7,-5.251734,9,10,11,12,"{'activation_default': 'relu', 'activation_mutate_rate': 0.2, 'bias_mutate_rate': 0.6, 'conn_add_prob': 0.6, 'conn_delete_prob': 0.2, 'weight_mutate_rate': 0.7, 'node_add_prob': 0.05, 'node_delete_prob': 0.05, 'response_mutate_rate': 0.7}"
NEAT,1,2,52,82,-4.7620378,0.0433757305145263,7,-5.251734,9,10,11,12,"{'activation_default': 'relu', 'activation_mutate_rate': 0.2, 'bias_mutate_rate': 0.6, 'conn_add_prob': 0.6, 'conn_delete_prob': 0.2, 'weight_mutate_rate': 0.7, 'node_add_prob': 0.05, 'node_delete_prob': 0.05, 'response_mutate_rate': 0.7}"
NEAT,1,2,52,83,-4.7620378,0.042457103729248,7,-5.251734,9,10,11,12,"{'activation_default': 'relu', 'activation_mutate_rate': 0.2, 'bias_mutate_rate': 0.6, 'conn_add_prob': 0.6, 'conn_delete_prob': 0.2, 'weight_mutate_rate': 0.7, 'node_add_prob': 0.05, 'node_delete_prob': 0.05, 'response_mutate_rate': 0.7}"
NEAT,1,2,52,84,-4.7620378,0.0429790019989013,7,-5.251734,9,10,11,12,"{'activation_default': 'relu', 'activation_mutate_rate': 0.2, 'bias_mutate_rate': 0.6, 'conn_add_prob': 0.6, 'conn_delete_prob': 0.2, 'weight_mutate_rate': 0.7, 'node_add_prob': 0.05, 'node_delete_prob': 0.05, 'response_mutate_rate': 0.7}"
NEAT,1,2,52,85,-4.7620378,0.1054699420928955,7,-5.251734,9,10,11,12,"{'activation_default': 'relu', 'activation_mutate_rate': 0.2, 'bias_mutate_rate': 0.6, 'conn_add_prob': 0.6, 'conn_delete_prob': 0.2, 'weight_mutate_rate': 0.7, 'node_add_prob': 0.05, 'node_delete_prob': 0.05, 'response_mutate_rate': 0.7}"
NEAT,1,2,52,86,-4.7620378,0.0433981418609619,7,-5.251734,9,10,11,12,"{'activation_default': 'relu', 'activation_mutate_rate': 0.2, 'bias_mutate_rate': 0.6, 'conn_add_prob': 0.6, 'conn_delete_prob': 0.2, 'weight_mutate_rate': 0.7, 'node_add_prob': 0.05, 'node_delete_prob': 0.05, 'response_mutate_rate': 0.7}"
NEAT,1,2,52,87,-4.7620378,0.0440077781677246,7,-5.251734,9,10,11,12,"{'activation_default': 'relu', 'activation_mutate_rate': 0.2, 'bias_mutate_rate': 0.6, 'conn_add_prob': 0.6, 'conn_delete_prob': 0.2, 'weight_mutate_rate': 0.7, 'node_add_prob': 0.05, 'node_delete_prob': 0.05, 'response_mutate_rate': 0.7}"
NEAT,1,2,52,88,-4.449711,0.0409059524536132,7,-5.7760873,9,10,11,12,"{'activation_default': 'relu', 'activation_mutate_rate': 0.2, 'bias_mutate_rate': 0.6, 'conn_add_prob': 0.6, 'conn_delete_prob': 0.2, 'weight_mutate_rate': 0.7, 'node_add_prob': 0.05, 'node_delete_prob': 0.05, 'response_mutate_rate': 0.7}"
NEAT,1,2,52,89,-4.449711,0.0640039443969726,7,-5.7760873,9,10,11,12,"{'activation_default': 'relu', 'activation_mutate_rate': 0.2, 'bias_mutate_rate': 0.6, 'conn_add_prob': 0.6, 'conn_delete_prob': 0.2, 'weight_mutate_rate': 0.7, 'node_add_prob': 0.05, 'node_delete_prob': 0.05, 'response_mutate_rate': 0.7}"
NEAT,1,2,52,90,-4.449711,0.0413661003112793,7,-5.7760873,9,10,11,12,"{'activation_default': 'relu', 'activation_mutate_rate': 0.2, 'bias_mutate_rate': 0.6, 'conn_add_prob': 0.6, 'conn_delete_prob': 0.2, 'weight_mutate_rate': 0.7, 'node_add_prob': 0.05, 'node_delete_prob': 0.05, 'response_mutate_rate': 0.7}"
NEAT,1,2,52,91,-4.449711,0.041619062423706,7,-5.7760873,9,10,11,12,"{'activation_default': 'relu', 'activation_mutate_rate': 0.2, 'bias_mutate_rate': 0.6, 'conn_add_prob': 0.6, 'conn_delete_prob': 0.2, 'weight_mutate_rate': 0.7, 'node_add_prob': 0.05, 'node_delete_prob': 0.05, 'response_mutate_rate': 0.7}"
NEAT,1,2,52,92,-4.449711,0.041083812713623,7,-5.7760873,9,10,11,12,"{'activation_default': 'relu', 'activation_mutate_rate': 0.2, 'bias_mutate_rate': 0.6, 'conn_add_prob': 0.6, 'conn_delete_prob': 0.2, 'weight_mutate_rate': 0.7, 'node_add_prob': 0.05, 'node_delete_prob': 0.05, 'response_mutate_rate': 0.7}"
NEAT,1,2,52,93,-4.449711,0.0422508716583251,7,-5.7760873,9,10,11,12,"{'activation_default': 'relu', 'activation_mutate_rate': 0.2, 'bias_mutate_rate': 0.6, 'conn_add_prob': 0.6, 'conn_delete_prob': 0.2, 'weight_mutate_rate': 0.7, 'node_add_prob': 0.05, 'node_delete_prob': 0.05, 'response_mutate_rate': 0.7}"
NEAT,1,2,52,94,-4.449711,0.0910239219665527,7,-5.7760873,9,10,11,12,"{'activation_default': 'relu', 'activation_mutate_rate': 0.2, 'bias_mutate_rate': 0.6, 'conn_add_prob': 0.6, 'conn_delete_prob': 0.2, 'weight_mutate_rate': 0.7, 'node_add_prob': 0.05, 'node_delete_prob': 0.05, 'response_mutate_rate': 0.7}"
NEAT,1,2,52,95,-4.449711,0.0444371700286865,7,-5.7760873,9,10,11,12,"{'activation_default': 'relu', 'activation_mutate_rate': 0.2, 'bias_mutate_rate': 0.6, 'conn_add_prob': 0.6, 'conn_delete_prob': 0.2, 'weight_mutate_rate': 0.7, 'node_add_prob': 0.05, 'node_delete_prob': 0.05, 'response_mutate_rate': 0.7}"
NEAT,1,2,52,96,-4.449711,0.0422370433807373,7,-5.7760873,9,10,11,12,"{'activation_default': 'relu', 'activation_mutate_rate': 0.2, 'bias_mutate_rate': 0.6, 'conn_add_prob': 0.6, 'conn_delete_prob': 0.2, 'weight_mutate_rate': 0.7, 'node_add_prob': 0.05, 'node_delete_prob': 0.05, 'response_mutate_rate': 0.7}"
NEAT,1,2,52,97,-4.449711,0.0398180484771728,7,-5.7760873,9,10,11,12,"{'activation_default': 'relu', 'activation_mutate_rate': 0.2, 'bias_mutate_rate': 0.6, 'conn_add_prob': 0.6, 'conn_delete_prob': 0.2, 'weight_mutate_rate': 0.7, 'node_add_prob': 0.05, 'node_delete_prob': 0.05, 'response_mutate_rate': 0.7}"
NEAT,1,2,52,98,-4.449711,0.0416982173919677,7,-5.7760873,9,10,11,12,"{'activation_default': 'relu', 'activation_mutate_rate': 0.2, 'bias_mutate_rate': 0.6, 'conn_add_prob': 0.6, 'conn_delete_prob': 0.2, 'weight_mutate_rate': 0.7, 'node_add_prob': 0.05, 'node_delete_prob': 0.05, 'response_mutate_rate': 0.7}"
NEAT,1,2,52,99,-4.449711,0.0608251094818115,7,-5.7760873,9,10,11,12,"{'activation_default': 'relu', 'activation_mutate_rate': 0.2, 'bias_mutate_rate': 0.6, 'conn_add_prob': 0.6, 'conn_delete_prob': 0.2, 'weight_mutate_rate': 0.7, 'node_add_prob': 0.05, 'node_delete_prob': 0.05, 'response_mutate_rate': 0.7}"
NEAT,1,2,52,100,-4.449711,0.0417449474334716,7,-5.7760873,9,10,11,12,"{'activation_default': 'relu', 'activation_mutate_rate': 0.2, 'bias_mutate_rate': 0.6, 'conn_add_prob': 0.6, 'conn_delete_prob': 0.2, 'weight_mutate_rate': 0.7, 'node_add_prob': 0.05, 'node_delete_prob': 0.05, 'response_mutate_rate': 0.7}"
